Node,MunicipalityCode,MunicipalityName,Lat,Lon,TotalPopulation,MalePopulation,FemalePopulation,Gross Income Indicator-2017 (Index- Percentage over the mean),Gross Domestic Product-2018 (Thousands of euros),Number of Personal income tax returns,Non-university students enrolled in schools-2018,Registered unemployed aged 25 and over-2020,"Pharmacies per 10,000 inhabitants-2019",Resident drivers-2018,Number of hotels-2019,Number of Local Business Units,Average employment in local units,"ATF telephone lines per 1,000 inhabitants",day_1,day_2,day_3,day_4,day_5,day_6,day_7,day_8,day_9,day_10,day_11,day_12,day_13,day_14,day_15,day_16,day_17,day_18,day_19,day_20,day_21,day_22,day_23,day_24,day_25,day_26,day_27,day_28,day_29,day_30,day_31,day_32,day_33,day_34,day_35,day_36,day_37,day_38,day_39,day_40,day_41,day_42,day_43,day_44,day_45,day_46,day_47,day_48,day_49,day_50,day_51,day_52,day_53,day_54,day_55,day_56,day_57,day_58,day_59,day_60,day_61,day_62,day_63,day_64,day_65,day_66,day_67,day_68,day_69,day_70,day_71,day_72,day_73,day_74,day_75,day_76,day_77,day_78,day_79,day_80,day_81,day_82,day_83,day_84,day_85,day_86,day_87,day_88,day_89,day_90,day_91,day_92,day_93,day_94,day_95,day_96,day_97,day_98,day_99,day_100,day_101,day_102,day_103,day_104,day_105,day_106,day_107,day_108,day_109,day_110,day_111,day_112,day_113,day_114,day_115,day_116,day_117,day_118,day_119,day_120,day_121,day_122,day_123,day_124,day_125,day_126,day_132,day_139,day_146,day_153,day_160,day_167,day_174,day_181,day_188,day_195,day_202,day_209,day_216,day_223,day_230,day_237,day_244,day_251,day_258,day_265,day_272,day_279,day_286,day_293,day_300,day_307,day_314,day_321,day_328,day_335,day_342,day_349,day_356,day_363,day_370
1,28000,Madrid-City,40.415363,-3.707398,3266126,1520153,1745973,67099896.64,140608806,1478674,572787,160007,5.56,1685638,1200,156793,9.42,243.08,0,0,0,0,6,1,1,18,32,60,86,130,221,211,351,354,461,310,424,471,822,743,620,1305,390,671,1542,922,1797,1888,929,70,227,468,1549,1213,1108,1075,682,815,1278,549,703,481,667,246,253,626,729,683,723,668,465,80,609,595,367,579,334,134,117,330,291,331,169,54,57,74,260,99,245,143,114,71,36,36,155,230,62,129,36,8,73,109,154,198,73,81,44,119,85,118,154,100,49,23,89,325,28,3,39,20,49,75,67,92,74,92,71,66,50,111,77,115,78,88,100,78,114,90,110,76,82,93,114,124,126,86,157,484,1110,1336,3870,4339,2979,2966,3433,7285,7362,4289,3991,6683,6373,5686,5053,4556,4361,3435,3118,3414,4672,5516,6031,9112,11627,14164,14822,12342,8897,6204,4704
2,28001,La Acebeda,41.086869,-3.624023,65,32,33,833.23,3488,23,0,7,0,258,7,9,1.67,538.46,0,0,0,0,0,0,0,0,0,0,0,0,0,0,0,0,0,0,0,0,0,0,0,0,0,0,0,0,0,0,0,0,0,0,0,0,0,0,0,0,0,0,0,0,0,0,0,0,0,0,0,0,0,0,0,0,0,0,0,0,0,0,0,0,0,0,0,0,0,0,0,0,0,0,0,0,0,0,0,0,0,0,0,0,0,0,0,0,0,0,0,0,0,0,0,0,0,0,0,0,0,0,0,0,0,0,0,0,0,0,0,0,0,0,0,0,0,0,0,0,0,0,0,0,0,0,0,0,0,0,0,0,0,0,0,0,0,0,0,0,0,0,0,0,0,0,0,0,0,0,0,0,0,0,0,0,0,0,0,0,0
3,28002,Ajalvir,40.53423,-3.480782,4712,2438,2274,72360.92,283821,1561,756,228,2.12,2857,3,470,7.98,277.47,0,0,0,0,0,0,0,0,0,0,0,0,0,0,0,0,0,0,0,0,0,0,0,0,0,0,0,0,0,0,0,0,0,0,0,0,6,0,1,0,0,0,0,1,1,0,0,0,0,0,1,2,0,0,0,0,0,1,0,0,0,0,0,1,0,0,0,0,0,0,0,0,0,0,0,0,0,0,0,4,0,0,0,0,0,0,0,0,0,0,3,3,8,3,0,0,0,0,0,0,0,0,0,0,0,0,0,0,0,0,0,0,0,0,0,0,0,0,0,1,0,0,0,0,0,0,0,0,0,0,0,0,0,0,0,0,0,7,0,0,4,8,5,4,2,5,3,0,0,0,0,2,0,5,15,17,11,12,10,7,3
4,28003,Alameda del Valle,40.918855,-3.844401,200,119,81,3406.76,4375,92,0,9,50,126,7,17,3.18,523.08,0,0,0,0,0,0,0,0,0,0,0,0,0,0,0,0,0,0,0,0,0,0,0,0,0,0,0,0,0,0,0,0,0,0,0,0,0,0,0,0,0,0,0,0,0,0,0,0,0,0,0,0,0,0,0,0,0,0,0,0,0,0,0,0,0,0,0,0,0,0,0,0,0,0,0,0,0,0,0,0,0,0,0,0,0,0,0,0,0,0,0,0,0,0,0,0,0,0,0,0,0,0,0,0,0,0,0,0,0,0,0,0,0,0,0,0,0,0,0,0,0,0,0,0,0,0,0,0,0,0,0,0,0,0,0,0,0,0,0,0,0,0,0,0,0,0,0,0,0,0,0,0,0,0,0,0,0,0,0,0,0
5,28004,El Álamo,40.2329469,-4.0212004,9470,4696,4774,122054.27,119827,2889,1801,537,1.06,5019,0,287,4.67,168.4,0,0,0,0,0,0,0,0,0,0,0,0,0,0,0,0,0,0,6,2,0,0,0,1,0,0,3,1,2,2,1,0,1,0,2,4,0,1,0,0,0,0,0,4,0,3,0,1,2,2,16,2,1,0,0,2,0,1,1,1,2,0,0,5,0,1,1,0,1,1,0,2,2,0,1,0,0,1,0,1,1,0,6,0,0,0,1,2,0,1,0,1,2,2,0,0,0,3,0,2,0,0,0,0,1,0,1,0,0,0,1,0,0,0,0,1,0,0,0,3,2,1,0,1,2,0,0,0,8,0,0,0,5,6,6,0,0,18,5,0,7,10,19,18,17,17,19,10,7,11,13,17,21,36,47,49,63,62,42,32,19
6,28005,Alcalá de Henares,40.48184,-3.364497,195649,95234,100415,3067806.87,5193513,82567,42920,11762,3.53,107217,29,7357,9.15,157.38,0,0,0,0,0,6,3,1,7,22,22,20,12,45,43,4,104,73,1,97,103,9,78,28,278,81,17,135,15,162,13,0,1,6,33,82,111,123,20,123,57,15,16,21,25,8,6,23,28,10,20,18,24,3,12,14,14,14,12,2,7,5,7,19,11,4,8,8,6,0,9,4,4,3,6,6,4,11,2,4,0,0,2,8,5,10,5,9,0,2,5,4,30,5,1,1,7,7,3,1,1,2,0,2,3,6,14,2,1,0,0,2,2,1,1,1,2,4,3,1,2,7,3,2,3,13,0,7,6,7,33,49,142,123,40,27,19,375,284,78,305,307,343,246,195,179,156,130,119,110,143,210,233,427,676,926,1019,823,555,339,231
7,28006,Alcobendas,40.540008,-3.635849,117040,55954,61086,3023595.65,8224536,44864,34755,4626,3.25,63277,16,4796,18.4,221.55,0,0,0,0,0,0,0,0,0,0,0,0,10,2,4,6,13,10,8,3,14,4,6,20,1,15,10,11,27,33,26,0,7,13,24,20,26,19,9,31,21,32,13,10,17,16,13,15,14,18,16,13,18,4,16,29,10,19,6,6,2,7,3,6,7,0,2,2,9,2,8,6,2,1,0,11,15,6,17,1,2,0,7,3,2,1,3,4,2,7,1,5,2,0,2,0,6,12,0,0,3,0,1,1,1,3,0,2,0,2,1,2,2,1,0,2,3,3,1,6,2,2,7,6,4,12,0,0,0,26,40,61,133,98,76,69,57,175,113,63,233,189,199,189,167,162,148,143,150,153,197,271,310,479,569,738,784,607,431,277,187
8,28007,Alcorcón,40.3493,-3.828429,170514,82139,88375,2676605.24,3864930,75293,40140,8736,3.87,89946,6,5453,7,161.74,0,0,0,0,0,0,0,0,0,7,0,2,1,8,7,36,11,1,6,44,55,31,13,14,10,8,21,14,73,83,60,2,1,83,106,91,71,58,6,11,94,63,55,38,35,13,13,35,30,30,46,50,22,0,49,28,28,27,25,12,2,25,17,13,26,2,4,3,36,11,13,8,11,5,3,3,6,10,1,7,5,0,11,8,1,8,4,3,2,9,3,7,5,3,1,2,5,5,3,2,3,0,1,0,0,2,1,0,2,0,0,1,1,7,7,0,0,3,2,1,3,2,0,0,5,4,7,0,0,12,39,65,196,210,126,116,79,419,275,27,348,284,268,230,203,199,194,156,155,154,219,277,323,528,713,824,811,654,453,294,208
9,28008,Aldea del Fresno,40.321521,-4.19936,2838,1457,1381,33030.51,39849,720,388,227,3.52,1390,4,109,3.94,232.02,0,0,0,0,0,0,0,0,0,0,0,0,0,0,0,0,0,0,0,0,0,0,0,11,0,0,0,4,0,9,0,0,0,0,1,0,0,0,0,1,2,0,1,0,0,0,2,1,4,0,0,0,0,1,5,0,0,1,0,1,0,0,7,4,0,0,0,0,0,0,0,1,0,2,0,0,0,1,0,0,0,0,0,1,0,0,0,0,0,0,0,0,1,0,0,0,0,1,1,0,0,0,0,0,0,1,0,0,0,0,0,0,0,1,0,0,0,0,0,0,0,0,0,0,0,0,0,0,0,0,0,0,0,0,0,0,0,5,0,0,6,2,0,3,3,3,4,0,0,0,2,3,2,3,4,8,8,5,3,3,0
10,28009,Algete,40.596165,-3.497425,20611,10106,10505,415896.99,602514,8540,4215,850,2.43,12610,2,947,7.97,233.48,0,0,0,0,0,0,0,0,0,0,0,0,0,0,0,0,0,0,0,6,1,1,2,3,0,1,1,2,1,4,8,0,5,0,2,5,3,8,2,4,10,2,2,1,4,2,1,3,1,3,1,4,0,0,2,1,2,0,2,0,1,1,0,0,2,0,0,0,0,3,1,1,1,0,0,0,0,0,0,0,0,0,0,0,5,0,0,1,0,2,1,1,0,0,3,0,1,0,5,0,0,0,0,0,0,0,0,0,0,5,0,1,1,0,0,0,0,0,0,0,0,0,0,0,0,2,0,0,0,0,0,0,27,25,9,7,0,36,10,0,34,27,43,42,30,36,30,23,27,36,43,50,62,94,113,130,113,80,65,52,35
11,28010,Alpedrete,40.659901,-4.025122,14575,7160,7415,277772.32,203835,5712,3986,675,2.06,8590,3,488,4.44,269.49,0,0,0,0,0,0,0,0,0,0,0,0,0,0,0,8,3,2,0,2,2,0,1,5,0,0,4,1,6,7,1,0,0,0,6,3,7,2,3,1,0,6,2,0,1,0,0,1,3,5,7,5,1,1,3,4,0,0,1,0,1,1,1,1,31,0,0,1,2,0,0,0,0,0,0,0,1,0,0,0,0,1,0,2,0,0,0,0,1,0,0,0,0,2,0,0,0,1,0,1,0,0,0,0,0,1,0,0,0,0,0,0,0,0,0,1,0,0,0,1,1,0,0,0,0,0,0,0,0,0,0,0,8,0,0,0,0,17,11,0,35,34,35,37,40,32,27,25,19,14,14,15,27,54,72,67,60,61,43,34,29
12,28011,Ambite,40.328972,-3.181211,592,296,296,7655.28,6786,122,7,54,16.89,258,1,16,2.13,276.21,0,0,0,0,0,0,0,0,0,0,0,0,0,0,0,0,0,0,0,0,0,0,0,0,0,0,0,0,0,0,0,0,0,0,0,0,0,0,0,0,0,0,0,6,0,0,0,0,0,0,1,0,0,0,0,0,0,0,0,0,0,0,0,0,0,0,0,0,0,0,0,0,0,0,0,0,0,0,0,0,0,0,0,0,0,0,0,0,0,0,0,0,0,0,0,0,0,0,0,0,0,0,0,0,0,0,0,0,0,0,0,0,0,0,0,0,0,0,0,0,0,0,0,0,0,0,0,0,0,0,0,0,0,0,0,0,0,0,0,0,0,0,0,0,0,0,0,0,0,0,0,0,0,0,4,5,2,0,0,0,0
13,28012,Anchuelo,40.465386,-3.26892,1271,657,614,17800.82,15509,423,314,70,7.87,777,0,28,3.29,300.31,0,0,0,0,0,0,0,0,0,0,0,0,0,0,0,0,0,0,0,0,0,0,0,0,0,0,0,0,0,0,0,0,0,0,0,0,0,0,6,0,0,0,0,1,0,0,0,0,0,0,0,0,0,0,0,0,0,0,0,0,0,0,0,0,0,0,0,0,0,0,0,0,0,0,0,0,0,0,0,0,0,0,0,0,0,0,0,0,0,0,0,0,0,0,0,0,0,1,0,0,0,0,0,0,0,0,0,0,0,0,0,0,0,1,0,0,0,0,0,0,0,0,0,0,1,0,0,0,0,0,0,0,0,0,0,0,0,0,0,0,0,0,0,0,0,3,3,0,0,0,0,0,2,0,0,4,7,3,0,0,0
14,28013,Aranjuez,40.032235,-3.603968,59607,28978,30629,895430.19,1338195,20721,15675,3928,2.68,31024,15,1727,7.13,155.92,0,0,0,0,0,0,0,0,0,0,0,0,6,1,5,0,1,1,3,3,13,14,12,20,6,28,17,10,30,13,7,10,0,1,23,18,16,24,19,19,13,0,7,7,7,4,5,4,6,5,6,6,2,0,17,1,4,3,2,1,0,9,7,4,0,0,2,0,2,0,0,0,3,1,0,1,0,1,0,3,0,1,1,0,2,1,1,2,0,0,0,0,3,2,0,0,1,1,2,0,1,0,0,1,0,3,0,0,1,0,1,0,3,0,0,0,0,1,1,0,1,0,1,0,0,1,0,0,0,0,10,11,18,37,47,69,76,94,124,62,144,113,113,108,101,85,64,50,48,52,79,125,183,326,447,503,509,379,187,100,67
15,28014,Arganda del Rey,40.300771,-3.438069,55389,27771,27618,756496.49,1966978,19000,13078,4080,3.07,29661,9,2817,8.59,170.51,0,0,0,0,0,0,0,0,0,0,0,0,0,0,8,0,5,4,2,0,9,3,1,8,8,3,13,22,18,26,9,0,0,4,10,9,10,12,10,42,12,6,6,2,4,3,3,3,3,7,2,8,2,1,4,7,2,5,2,2,0,1,2,4,1,1,0,1,6,0,3,0,2,0,0,2,1,3,0,2,0,0,0,5,1,2,1,0,0,1,1,1,2,0,0,0,1,2,2,0,0,0,0,0,2,0,2,1,0,0,0,1,0,1,0,1,0,0,0,0,0,0,0,2,1,0,0,0,0,13,16,14,40,52,51,53,67,99,151,126,171,127,128,122,102,91,59,55,65,60,54,61,109,178,227,261,268,216,139,94,68
16,28015,Arroyomolinos,40.2770155,-3.9335307,31396,15701,15695,505670.58,608861,4516,7475,1286,0.96,17762,1,574,8.88,187.01,0,0,0,0,0,0,0,0,0,0,0,0,0,0,0,0,0,0,6,0,1,2,1,6,0,2,6,7,14,14,8,0,0,3,5,6,3,7,0,1,7,6,5,10,2,4,0,4,3,1,2,2,2,0,3,1,1,4,1,1,0,2,4,0,1,1,0,0,8,3,2,2,0,2,1,0,1,2,0,2,0,0,0,1,0,1,0,0,0,1,0,1,0,2,0,0,1,1,1,3,0,1,1,0,0,0,1,0,0,0,0,0,0,1,0,2,0,0,1,0,0,0,0,0,1,0,0,0,0,7,9,0,8,11,0,5,6,34,13,5,66,55,47,45,39,36,38,25,28,41,62,63,67,87,114,139,121,94,65,38,33
17,28016,El Atazar,40.934169,-3.470964,89,48,41,1152.61,2635,33,0,8,0,48,5,7,4,193.55,0,0,0,0,0,0,0,0,0,0,0,0,0,0,0,0,0,0,0,0,0,0,0,0,0,0,0,0,0,0,0,0,0,0,0,0,0,0,0,0,0,0,0,0,0,0,0,0,0,0,0,0,0,0,0,0,0,0,0,0,0,0,0,0,0,0,0,0,0,0,0,0,0,0,0,0,0,0,0,0,0,0,0,0,0,0,0,0,0,0,0,0,0,0,0,0,0,0,0,0,0,0,0,0,0,0,0,0,0,0,0,0,0,0,0,0,0,0,0,0,0,0,0,0,0,0,0,0,0,0,0,0,0,0,0,0,0,0,0,0,0,0,0,0,0,0,0,0,0,0,0,0,0,0,0,0,0,0,0,0,0
18,28017,Batres,40.209139,-3.921595,1684,861,823,25985.06,19524,549,52,78,5.94,956,0,46,2.61,308.3,0,0,0,0,0,0,0,0,0,0,0,0,0,0,0,0,0,0,0,0,0,0,0,0,0,0,6,0,1,0,0,0,0,0,0,0,0,1,0,0,0,0,0,0,0,0,0,0,0,0,0,0,0,0,0,0,0,0,0,0,0,0,0,0,0,0,0,0,0,0,0,0,0,0,0,0,0,0,0,0,0,0,0,0,0,0,0,0,0,0,0,0,0,1,1,0,0,0,0,0,0,0,0,0,0,0,0,0,0,0,0,0,0,0,0,0,0,0,0,0,0,0,0,0,0,0,0,0,0,0,0,0,0,0,0,0,0,0,0,0,3,2,0,0,0,0,0,0,0,3,5,5,3,3,3,3,2,0,0,0,0
19,28018,Becerril de la Sierra,40.716337,-3.989068,5714,2877,2837,97981.97,80074,2112,610,309,3.5,3275,2,205,3.01,331.06,0,0,0,0,0,0,0,0,0,0,0,0,0,0,0,0,0,0,7,0,0,0,0,0,0,0,1,0,0,1,0,0,0,0,0,1,2,2,0,0,0,3,2,1,0,0,0,0,1,0,1,2,0,0,4,0,0,2,1,0,0,0,0,0,0,0,0,0,0,0,0,0,0,0,0,1,0,1,0,0,0,0,1,0,0,0,0,0,0,0,0,0,2,0,0,0,0,1,0,0,0,0,0,0,0,0,0,0,0,0,0,0,0,0,0,0,0,0,0,0,0,0,0,0,0,0,0,0,0,0,0,0,0,0,0,0,0,5,0,0,11,8,11,12,9,7,3,0,3,8,9,10,15,20,32,60,53,44,29,11,6
20,28019,Belmonte de Tajo,40.133646,-3.339838,1664,865,799,18861.17,20421,571,147,108,6.01,977,1,41,3.83,277.2,0,0,0,0,0,0,0,0,0,0,0,0,0,0,0,0,0,0,0,0,0,0,0,0,0,0,0,0,0,0,0,0,0,0,0,0,0,0,0,0,0,0,0,0,0,0,0,0,0,0,0,0,0,0,0,0,0,0,0,0,0,0,0,0,0,0,0,0,0,0,0,0,0,0,0,0,0,0,0,0,0,0,0,0,0,0,0,0,0,0,0,0,0,0,0,0,0,0,0,0,0,0,0,0,0,0,0,0,0,0,0,0,0,0,0,0,0,0,0,0,0,0,0,0,0,0,0,0,0,0,0,0,0,0,0,0,0,0,0,0,4,4,3,0,0,0,0,0,0,0,0,0,6,7,5,8,16,14,4,0,0
21,28020,Berzosa del Lozoya,40.975603,-3.522034,205,115,90,2222.27,5454,43,0,6,0,62,6,11,4.18,222.22,0,0,0,0,0,0,0,0,0,0,0,0,0,0,0,0,0,0,0,0,0,0,0,0,0,0,0,0,0,0,0,0,0,0,0,0,0,0,0,0,0,0,0,0,0,0,0,0,0,0,0,0,0,0,0,0,0,0,0,0,0,0,0,0,0,0,0,0,0,0,0,0,0,0,0,0,0,0,0,0,0,0,0,0,0,0,0,0,0,0,0,0,0,0,0,0,0,0,0,0,0,0,0,0,0,0,0,0,0,0,0,0,0,0,0,0,0,0,0,0,0,0,0,0,0,0,0,0,0,0,0,0,0,0,0,0,0,0,0,0,0,0,0,0,0,8,17,0,0,0,0,0,0,0,0,0,0,0,0,0,0
22,28021,El Berrueco,40.888971,-3.561434,760,384,376,10653.8,18458,154,19,31,13.16,303,9,24,3.96,307.69,0,0,0,0,0,0,0,0,0,0,0,0,0,0,0,0,0,0,0,0,0,0,0,0,0,0,0,0,0,0,0,0,0,0,0,0,0,0,0,0,0,6,1,0,0,0,0,0,0,0,0,0,0,0,0,0,1,0,0,0,0,0,0,0,0,0,0,0,0,0,0,0,0,0,0,0,0,0,0,0,0,0,0,0,0,0,0,0,0,0,0,0,0,0,0,0,0,0,0,0,0,0,0,0,0,0,0,0,0,0,0,0,0,0,4,0,0,0,0,0,0,0,0,0,0,0,0,0,0,0,0,0,0,0,0,0,0,0,0,0,2,5,5,0,0,0,0,0,0,0,0,0,0,0,0,0,0,0,0,0,0
23,28022,Boadilla del Monte,40.405349,-3.876466,54570,26660,27910,1464344.75,1370795,18730,19227,1467,2.93,32270,4,1625,10.88,251.19,0,0,0,0,0,0,0,0,0,6,0,2,2,2,5,2,4,4,7,3,2,6,9,14,8,4,10,17,1,6,4,0,1,3,9,6,12,4,5,2,5,3,17,1,7,6,1,8,9,6,7,9,4,0,13,7,6,3,5,1,1,8,6,1,3,0,0,0,10,1,2,18,1,3,0,1,0,15,1,2,8,0,18,2,1,3,1,1,0,0,1,1,2,2,0,0,1,2,2,0,0,1,0,0,1,0,0,2,0,0,1,1,0,2,0,0,0,1,1,1,0,1,0,2,0,1,0,0,0,0,13,11,26,30,18,14,10,53,39,0,76,81,87,72,89,99,81,68,63,66,91,101,111,162,200,227,207,166,129,103,96
24,28023,El Boalo,40.717353,-3.920247,7508,3757,3751,135355.92,111602,2640,1963,378,4,4002,3,194,4.08,291.26,0,0,0,0,0,0,0,0,0,0,0,0,0,0,0,0,0,0,0,0,0,0,0,0,6,0,1,0,0,2,0,0,1,1,0,1,1,3,2,1,2,1,0,0,2,0,0,0,1,1,3,0,0,0,5,1,1,1,0,0,0,2,0,0,0,0,0,0,0,0,0,0,0,0,0,0,1,2,0,0,0,0,0,0,0,0,1,0,0,1,0,0,0,0,0,0,0,0,0,0,0,0,0,0,0,0,0,0,0,0,0,0,1,0,0,0,0,0,0,0,1,0,0,0,0,1,0,0,0,0,0,0,0,0,0,0,0,6,7,0,23,24,21,20,28,21,14,16,9,0,6,11,17,19,24,40,44,30,16,13,9
25,28024,Braojos,41.057954,-3.657128,205,121,84,2674.15,17158,61,0,3,48.78,123,8,18,1.44,370.73,0,0,0,0,0,0,0,0,0,0,0,0,0,0,0,0,0,0,0,0,0,0,0,0,0,0,0,0,0,0,0,0,0,0,0,0,0,0,0,0,0,0,0,0,0,0,0,0,0,0,0,0,0,0,0,0,0,0,0,0,0,0,0,0,0,0,0,0,0,0,0,0,0,0,0,0,0,0,0,0,0,0,0,0,0,0,0,0,0,0,0,0,0,0,0,0,0,0,0,0,0,0,0,0,0,0,0,0,0,0,0,0,0,0,0,0,0,0,0,0,0,0,0,0,0,0,0,0,0,0,0,0,0,0,0,0,0,0,0,0,0,0,0,0,0,0,0,0,0,0,0,0,0,0,0,0,0,2,0,0,0
26,28025,Brea de Tajo,40.230213,-3.109254,524,301,223,6037.49,11735,150,6,36,19.08,274,3,16,3.69,240,0,0,0,0,0,0,0,0,0,0,0,0,0,0,0,0,0,0,0,0,0,0,0,0,0,0,0,0,0,0,0,0,0,0,0,0,0,0,0,0,0,0,0,0,0,0,0,0,0,0,0,0,0,0,0,0,0,0,0,0,0,0,0,0,0,0,0,0,0,0,0,6,0,0,0,0,0,0,0,0,0,0,0,0,0,0,0,0,0,0,0,0,0,0,0,0,0,0,1,0,0,0,0,0,0,0,0,0,0,1,0,0,0,0,0,0,0,0,0,0,0,0,0,0,0,0,0,0,0,0,0,0,0,0,0,0,0,0,0,0,0,0,2,7,5,0,0,0,0,0,2,3,0,0,0,0,5,2,0,0,0
27,28026,Brunete,40.40505,-3.997991,10736,5283,5453,183252.13,171204,3695,1805,475,1.86,6054,4,388,4.25,198.57,0,0,0,0,0,0,0,0,0,0,0,0,0,0,0,0,0,0,7,1,2,5,1,10,2,2,0,7,0,1,1,0,0,0,3,1,0,1,0,0,2,0,0,2,0,1,1,1,5,0,2,3,3,0,0,2,2,2,2,0,0,1,1,0,0,0,0,0,1,25,5,0,2,0,0,1,2,4,0,0,0,0,1,0,1,0,0,0,0,0,2,0,0,0,0,0,0,0,0,0,0,0,0,0,0,0,0,0,0,1,0,0,0,0,0,0,1,0,0,1,1,0,0,0,0,0,0,0,0,0,0,0,0,5,0,0,0,16,13,0,18,17,20,19,14,17,13,15,13,9,14,20,19,31,43,47,57,46,26,21,12
28,28027,Buitrago del Lozoya,40.994393,-3.634963,1884,898,986,28195.1,52784,713,2487,81,5.31,962,6,103,5.24,345.6,0,0,0,0,0,0,0,0,0,0,0,0,0,0,0,0,0,0,0,0,0,0,0,6,0,0,0,0,1,0,0,0,0,1,2,0,0,0,0,0,0,1,0,0,0,0,0,0,1,1,1,0,0,0,0,0,0,1,0,0,0,0,0,0,0,0,0,0,0,0,0,0,0,0,0,0,0,0,0,0,0,0,0,0,0,0,0,0,0,0,0,0,0,0,0,0,0,0,0,0,0,0,1,0,0,0,0,0,0,0,0,0,0,0,0,0,0,1,0,0,0,0,0,0,0,1,0,0,0,0,0,0,0,0,0,0,0,0,0,0,0,0,0,3,4,2,2,6,5,0,0,2,10,12,6,8,7,7,8,10,6
29,28028,Bustarviejo,40.858666,-3.710153,2503,1256,1247,36555.14,33805,794,288,150,4,1296,4,118,3.22,310.94,0,0,0,0,0,0,0,0,0,0,0,0,0,0,0,0,0,0,0,0,0,0,0,0,0,0,0,0,0,0,0,0,0,0,0,0,0,0,0,0,0,0,0,0,0,0,0,0,0,0,0,0,0,0,0,0,6,0,0,0,0,0,1,0,0,0,0,0,0,0,0,0,0,0,0,0,0,0,0,0,0,0,0,1,0,0,0,1,0,0,0,0,0,0,0,0,0,0,0,0,0,0,0,0,1,0,0,0,0,0,0,0,0,0,0,1,0,0,0,0,0,0,0,0,0,0,0,0,0,0,0,0,0,0,0,0,0,0,0,0,0,2,2,0,0,2,0,0,0,0,0,3,7,15,16,11,7,4,0,0,0
30,28029,Cabanillas de la Sierra,40.827245,-3.627989,756,392,364,11933.42,9605,295,236,27,13.23,421,1,28,3.71,334.27,0,0,0,0,0,0,0,0,0,0,0,0,0,0,0,0,0,0,0,0,0,0,0,0,0,0,0,6,0,0,0,0,0,1,0,0,0,0,0,1,0,1,0,1,0,0,0,0,0,0,0,0,0,0,0,0,0,0,0,0,0,1,0,0,0,0,0,0,0,0,0,0,0,0,0,0,0,0,0,0,0,0,0,0,0,0,0,0,0,0,0,0,0,0,0,0,0,0,0,0,0,0,0,0,0,0,0,0,0,0,0,0,0,0,0,0,0,0,0,0,0,0,0,0,0,0,0,0,0,0,0,0,0,0,0,0,0,0,0,0,4,4,0,0,0,0,0,0,0,0,0,2,3,3,0,3,3,2,0,0,0
31,28030,La Cabrera,40.8652681,-3.6239996,2667,1313,1354,38919.72,50757,867,1054,178,3.75,1440,9,140,3.24,341.37,0,0,0,0,0,0,0,0,0,0,0,0,0,0,0,0,0,0,0,0,0,0,0,0,0,0,0,0,0,0,0,0,0,0,0,6,0,2,0,1,1,0,0,0,1,0,0,1,0,1,0,0,0,0,0,0,0,0,0,0,0,0,0,0,0,0,0,0,0,0,0,0,0,0,0,0,0,0,0,1,0,0,0,0,0,0,0,0,0,0,0,0,0,0,0,0,0,0,0,0,0,0,0,0,0,0,0,0,0,0,0,0,0,0,0,0,0,0,0,0,0,0,0,0,0,0,0,0,0,0,0,0,0,0,0,0,0,7,0,0,8,5,5,5,5,2,0,0,0,0,3,7,9,15,19,19,15,19,19,8,8
32,28031,Cadalso de los Vidrios,40.301428,-4.440888,3039,1593,1446,34446.08,53104,863,558,266,3.29,1518,8,130,3.55,236.8,0,0,0,0,0,0,0,0,0,0,0,0,0,0,0,0,0,0,0,0,0,0,0,0,0,0,0,0,0,0,0,0,0,0,0,0,0,0,0,0,0,0,0,0,0,0,0,6,1,0,0,0,0,0,0,0,0,0,0,0,0,0,0,1,0,0,0,0,0,0,0,0,0,0,0,0,0,0,0,0,0,0,0,2,0,0,0,0,0,0,0,0,1,0,0,0,2,1,0,0,0,0,0,0,0,0,0,0,0,0,0,0,0,0,0,0,0,0,0,0,0,0,0,1,0,0,0,0,0,0,0,0,0,0,0,0,0,0,0,0,5,4,0,4,4,6,5,0,4,12,10,3,12,34,33,21,17,9,8,5,3
33,28032,Camarma de Esteruelas,40.549037,-3.378621,7336,3726,3610,107524.26,168702,2673,1716,460,2.73,4525,1,236,11.88,224.33,0,0,0,0,0,0,0,0,0,0,0,0,0,0,0,0,0,0,0,9,3,0,2,0,1,2,0,5,0,4,0,0,0,0,0,1,4,2,0,0,1,1,0,0,0,0,0,0,0,1,2,2,0,0,0,0,1,0,0,0,0,1,0,0,0,0,0,0,0,0,0,0,0,0,0,0,0,0,0,0,0,0,0,0,0,0,0,0,0,0,0,0,1,0,0,0,0,1,0,0,0,0,0,0,0,0,0,1,0,0,0,0,0,0,0,0,0,1,0,0,0,0,0,0,0,0,0,0,0,0,0,0,0,0,0,7,0,6,0,0,7,7,7,5,7,10,7,6,7,8,3,4,6,15,22,26,35,44,34,17,11
34,28033,Campo Real,40.338188,-3.381391,6210,3138,3072,82210.21,147996,1845,873,391,3.22,3491,1,264,5.38,233.91,0,0,0,0,0,0,0,0,0,0,0,0,0,0,0,0,0,0,0,0,0,0,0,0,0,0,0,0,6,0,1,0,0,0,0,3,1,4,0,2,1,0,1,1,0,1,0,0,1,0,0,0,0,0,0,1,0,0,0,0,0,0,0,0,1,0,0,0,0,0,0,0,0,0,0,0,0,0,0,3,0,0,0,0,0,0,0,0,0,1,0,0,0,0,1,0,0,0,0,0,0,1,0,0,0,0,0,0,0,0,0,1,0,0,0,0,0,0,0,0,0,0,1,0,0,0,0,0,0,0,0,0,0,6,0,0,8,13,12,9,15,8,10,15,15,8,7,10,21,15,6,9,20,41,49,48,46,24,7,6,8
35,28034,Canencia,40.908888,-3.738816,447,245,202,5174.18,8159,138,0,27,22.37,201,2,30,3.6,326.24,0,0,0,0,0,0,0,0,0,0,0,0,0,0,0,0,0,0,0,0,0,0,0,0,0,0,0,0,0,0,0,0,0,0,0,0,0,0,0,0,0,0,0,0,0,0,0,0,0,0,0,0,0,0,0,0,0,0,0,0,0,0,0,0,0,0,0,0,0,0,0,0,0,0,0,0,0,0,0,0,0,0,0,0,0,0,0,0,0,0,0,0,0,0,0,0,0,0,0,0,0,0,0,0,0,0,0,0,0,0,0,0,0,0,0,0,0,0,0,0,0,0,0,0,0,0,0,0,0,0,0,0,0,0,0,0,0,0,0,0,0,0,0,3,3,0,0,0,0,0,0,0,0,0,0,0,0,0,0,0,0
36,28035,Carabaña,40.256626,-3.234721,2010,1002,1008,24380.56,25552,557,201,138,4.98,1053,3,67,3.28,249.34,0,0,0,0,0,0,0,0,0,0,0,0,0,0,0,0,0,0,0,0,0,0,0,0,0,0,0,0,0,7,0,0,0,1,1,0,0,0,0,0,1,0,0,1,0,0,0,0,0,0,0,0,0,0,1,0,0,0,1,0,0,0,0,0,0,0,0,0,0,1,0,0,0,0,0,0,0,0,0,0,0,0,0,0,0,0,0,0,0,0,0,0,0,0,0,0,0,0,0,0,0,0,0,0,0,0,0,0,0,0,0,0,0,0,0,0,0,0,0,0,0,0,0,0,0,0,0,0,0,0,0,0,0,0,0,0,0,7,0,0,0,2,0,16,19,3,0,0,0,3,2,0,0,0,4,4,4,5,3,4,2
37,28036,Casarrubuelos,40.17078,-3.830853,3778,1923,1855,51313.46,58190,1275,518,220,2.65,2211,1,95,4.44,176.15,0,0,0,0,0,0,0,0,0,0,0,0,0,0,0,0,0,0,0,0,0,0,0,0,0,0,0,0,0,0,0,0,0,0,6,0,0,0,1,2,0,0,0,0,0,0,0,0,0,0,0,0,0,0,0,0,1,0,0,0,0,0,0,0,0,0,0,0,0,0,0,0,0,0,0,1,0,0,0,0,0,0,0,0,0,0,0,0,0,0,0,0,0,0,0,0,0,0,0,0,0,0,0,0,0,1,0,0,0,0,0,0,0,0,0,0,0,0,0,0,0,0,0,0,0,0,0,0,0,0,0,0,5,0,0,0,0,6,0,6,9,4,0,0,0,5,8,8,5,2,0,0,0,8,21,22,15,11,7,6,6
38,28037,Cenicientos,40.263189,-4.46698,2033,1004,1029,21216.66,29203,576,269,169,4.92,982,7,76,3.57,256.06,0,0,0,0,0,0,0,0,0,0,0,0,0,0,0,0,0,0,0,0,0,0,0,7,1,0,0,3,0,0,0,0,0,0,0,1,0,1,0,0,0,0,1,1,1,1,0,0,1,0,1,0,0,0,0,0,0,1,0,0,0,0,2,0,2,1,0,0,1,0,0,0,0,0,0,0,0,1,1,0,1,0,0,0,0,0,0,0,0,0,0,1,1,0,0,0,0,0,0,1,0,0,0,0,0,0,0,0,0,0,0,0,0,0,0,0,0,3,2,0,0,0,0,0,0,1,0,0,0,0,0,0,0,0,0,0,0,0,0,0,0,3,2,0,2,0,0,0,0,0,10,11,0,4,6,8,8,5,0,2,2
39,28038,Cercedilla,40.741293,-4.0558,7026,3463,3563,108996.75,140197,2813,1581,342,4.27,3814,18,305,5.01,278.35,0,0,0,0,0,0,0,0,0,0,0,0,0,0,0,0,0,0,0,0,0,6,2,4,0,3,6,2,4,3,1,0,0,0,5,1,2,2,2,1,3,0,11,10,0,1,0,6,3,0,6,1,1,0,5,0,1,1,0,0,1,2,0,3,0,0,1,1,3,0,1,0,1,0,1,0,1,10,0,0,0,0,3,0,0,0,0,2,0,0,2,0,0,1,0,0,0,0,0,0,0,0,0,0,0,0,0,1,0,0,0,0,0,5,0,1,0,0,0,0,0,0,0,0,0,0,0,0,0,0,0,0,0,0,0,0,0,5,0,0,31,25,17,11,9,7,6,4,6,8,5,7,9,24,47,64,57,34,21,11,7
40,28039,Cervera de Buitrago,40.921066,-3.5295,150,92,58,1580.13,2225,35,8,9,0,78,4,9,2.78,161.07,0,0,0,0,0,0,0,0,0,0,0,0,0,0,0,0,0,0,0,0,0,0,0,0,0,0,0,0,0,0,0,0,0,0,0,0,0,0,0,0,0,0,0,0,0,0,0,0,0,0,0,0,0,0,0,0,0,0,0,0,0,0,0,0,0,0,0,0,0,0,0,0,0,0,0,0,0,0,0,0,0,0,0,0,0,0,0,0,0,0,0,0,0,0,0,0,0,0,0,0,0,0,0,0,0,0,0,0,0,0,0,0,0,0,0,0,0,0,0,0,0,0,0,0,0,0,0,0,0,0,0,0,0,0,0,0,0,0,0,0,0,0,0,0,0,0,0,0,0,0,0,0,0,0,0,0,0,0,0,0,0
41,28040,Ciempozuelos,40.158009,-3.620551,24592,12363,12229,323927.67,712201,7912,4399,1543,2.03,11842,3,671,7.07,153.57,0,0,0,0,0,0,0,0,0,0,0,0,6,3,6,8,3,1,12,1,3,4,4,9,2,6,5,11,9,8,0,2,0,0,6,13,6,0,3,4,1,2,0,2,0,0,0,3,4,1,4,9,1,0,2,5,4,7,0,2,1,7,6,1,2,0,12,6,2,8,1,6,1,0,1,0,2,2,0,1,0,0,0,1,1,2,5,1,0,2,0,0,2,2,0,0,2,1,0,3,0,0,0,1,1,1,1,0,2,0,6,0,0,1,1,0,0,1,0,0,1,1,0,0,0,0,0,0,0,0,8,7,13,10,0,7,20,20,21,6,52,46,39,57,50,49,66,48,30,32,41,60,82,81,95,110,115,105,66,34,22
42,28041,Cobeña,40.567608,-3.504856,7428,3623,3805,154183.68,120544,2101,2006,223,1.35,4475,2,206,5.19,207.42,0,0,0,0,0,0,0,0,0,0,0,0,0,0,0,0,6,0,0,0,0,0,1,2,1,1,0,1,2,3,1,0,1,0,1,1,0,2,1,1,0,2,1,0,1,0,0,7,15,0,0,0,0,11,1,0,1,1,0,0,0,0,0,0,0,0,0,0,0,0,0,0,0,0,0,9,0,0,0,0,0,0,0,0,8,0,1,1,0,0,0,0,0,0,0,0,0,0,0,0,1,0,0,0,0,0,2,0,0,0,0,0,1,0,0,0,1,0,0,0,0,0,0,0,0,1,0,0,0,0,0,0,0,5,0,0,0,15,12,0,12,14,13,10,7,8,6,6,5,5,10,12,19,32,38,44,42,24,17,13,8
43,28042,Colmenar del Arroyo,40.418,-4.197277,1725,893,832,23578.04,50752,484,139,110,5.8,889,5,47,5.6,293.18,0,0,0,0,0,0,0,0,0,0,0,0,0,0,0,0,0,0,0,0,0,0,0,0,0,0,0,0,0,0,0,0,0,0,0,0,0,0,0,0,0,0,0,0,0,0,0,0,0,0,0,0,0,0,0,0,0,0,6,0,1,0,1,0,0,0,1,40,0,0,1,0,0,0,0,0,0,0,0,0,0,0,2,0,0,0,0,0,0,0,0,0,0,0,0,0,0,0,0,0,0,0,0,0,0,1,0,0,0,0,0,0,0,0,0,0,0,0,0,0,0,0,0,0,0,0,0,0,0,0,0,0,0,0,0,0,0,0,0,0,4,0,0,0,0,0,0,0,0,0,0,0,2,0,0,4,4,4,2,0,0
44,28043,Colmenar de Oreja,40.10742,-3.387163,8032,4052,3980,93528.46,133130,2879,960,577,3.74,4844,4,338,3.2,237.03,0,0,0,0,0,0,0,0,0,0,0,0,0,0,0,0,0,0,0,0,0,0,0,0,6,2,0,1,0,1,0,0,0,0,1,0,1,1,1,2,2,1,0,1,1,0,1,0,0,1,1,0,0,0,0,2,0,0,0,0,0,0,0,1,0,0,0,0,0,0,0,0,0,0,0,0,0,0,0,1,0,0,0,0,0,0,0,0,0,0,1,2,0,0,0,0,0,0,0,0,0,0,0,0,0,0,0,0,0,0,0,0,0,0,0,0,0,0,0,0,0,0,0,0,0,0,0,0,0,0,0,0,0,0,7,0,0,5,8,5,12,21,27,34,45,38,26,13,6,4,3,10,15,28,53,57,44,31,13,8,5
45,28044,Colmenarejo,40.560455,-4.016666,9130,4471,4659,158720.22,195808,3088,1974,465,2.19,5193,2,251,6.57,221.72,0,0,0,0,0,0,0,0,0,0,0,0,0,0,0,0,0,0,0,7,1,1,0,0,0,1,0,1,1,0,1,0,0,0,0,0,0,3,1,1,1,0,0,2,1,1,0,3,1,2,1,1,0,0,3,3,2,2,1,0,0,1,0,0,0,1,0,0,1,0,2,2,0,0,0,0,0,0,0,0,0,0,0,0,0,0,0,1,0,0,0,0,0,0,0,0,0,1,0,0,0,0,0,0,0,0,0,0,0,0,0,0,0,1,0,0,0,0,2,1,0,0,0,0,0,1,0,0,0,0,0,0,0,6,9,0,0,11,5,0,28,20,14,10,10,8,10,13,14,11,14,15,16,25,32,38,33,25,17,14,10
46,28045,Colmenar Viejo,40.65879,-3.766321,50752,25045,25707,863862.79,1118032,18246,10381,2361,2.96,27387,4,1562,5.9,199.99,0,0,0,0,0,0,0,0,0,0,0,0,0,6,2,1,6,6,5,4,2,3,0,8,0,5,8,6,3,8,4,0,6,12,12,16,15,22,15,17,13,9,9,5,12,2,9,13,5,10,6,11,6,0,10,5,2,7,11,2,1,1,6,4,4,0,7,0,0,7,20,9,13,3,0,1,2,2,3,1,0,0,1,0,1,2,1,0,0,0,1,1,1,4,1,0,9,14,0,0,10,0,3,1,0,1,8,1,0,0,0,1,2,1,2,0,0,3,4,3,3,0,3,2,1,1,0,0,0,0,5,0,17,23,15,14,21,115,87,37,181,133,99,97,107,96,65,58,55,37,37,58,78,121,156,208,236,199,129,72,50
47,28046,Collado Mediano,40.694316,-4.024398,6958,3441,3517,126493.64,102729,2717,1137,412,2.87,4078,4,217,3.99,284.91,0,0,0,0,0,0,0,0,0,0,0,0,0,0,0,0,0,0,0,0,0,0,0,0,0,0,0,0,0,0,0,0,0,0,0,0,8,1,1,0,0,1,0,1,0,0,0,3,2,1,3,2,1,0,1,0,3,0,0,0,1,0,0,0,2,0,0,0,0,0,0,1,0,0,0,0,0,0,0,0,0,0,0,0,0,0,0,0,0,0,0,0,0,0,0,0,0,1,0,0,0,0,0,0,0,0,0,0,0,0,0,0,0,0,0,0,0,0,0,0,0,0,0,0,0,0,0,0,0,0,0,0,0,0,0,0,0,5,0,0,19,9,10,8,11,14,11,7,8,7,9,15,19,19,28,37,26,17,13,7,6
48,28047,Collado Villalba,40.643011,-3.992725,63679,30947,32732,1002487.83,1181641,23039,14531,3882,2.98,34659,8,2111,4.76,184.13,0,0,0,0,0,0,0,0,0,0,0,0,7,0,4,7,3,3,8,6,7,3,1,11,2,2,21,6,12,23,2,0,0,1,15,5,15,6,9,14,13,15,14,16,3,6,0,14,27,6,30,13,2,1,32,14,15,8,6,4,4,12,4,3,6,2,1,0,6,3,1,5,2,2,1,2,1,10,20,5,2,0,0,9,2,1,5,2,0,2,2,0,2,0,0,0,2,3,0,2,3,0,1,8,2,1,0,1,0,0,0,0,0,2,0,3,0,0,3,2,0,0,0,0,0,2,0,0,0,6,16,15,38,52,31,16,20,127,60,17,166,149,135,187,197,129,129,94,77,86,102,101,118,248,393,526,556,453,325,204,126
49,28048,Corpa,40.423537,-3.265248,713,372,341,8964.59,5240,223,11,44,14.03,414,0,16,2.94,340.03,0,0,0,0,0,0,0,0,0,0,0,0,0,0,0,0,0,0,0,0,0,0,0,0,0,0,0,0,0,0,0,0,0,0,0,0,0,6,0,0,0,0,0,0,0,0,0,0,0,0,0,0,0,0,0,0,0,0,0,0,0,0,0,0,0,0,0,0,0,0,0,0,0,0,0,0,0,0,0,0,0,0,0,0,0,0,0,0,0,0,0,0,0,0,0,0,0,0,0,0,0,0,0,0,0,0,0,0,0,0,0,0,0,0,0,0,0,0,0,0,0,0,0,0,0,0,0,0,0,0,0,0,0,0,0,0,0,0,0,0,0,0,0,0,0,0,0,0,0,0,0,0,0,0,0,0,0,0,0,0,0
50,28049,Coslada,40.423802,-3.555288,81661,39988,41673,1259066.25,2414470,35533,13897,4255,3.67,47875,5,3095,9.13,150.94,0,0,0,0,0,0,0,0,0,0,9,5,4,6,5,10,10,2,12,9,21,17,11,49,20,28,36,12,25,38,28,0,0,13,48,27,24,45,8,18,25,10,32,1,6,6,2,28,41,9,9,7,5,1,15,12,10,4,4,1,0,1,3,3,2,1,0,0,2,0,4,5,1,3,0,1,2,4,1,5,1,0,2,2,4,1,1,6,0,0,3,1,5,1,0,0,2,5,0,1,1,3,1,3,0,1,2,1,0,1,1,0,0,1,2,0,2,1,1,2,3,2,0,0,4,0,0,0,0,9,13,20,45,82,57,54,53,165,162,70,174,145,186,200,136,105,95,84,83,78,111,143,175,269,354,447,461,353,224,123,81
51,28050,Cubas de la Sagra,40.190835,-3.837837,6413,3202,3211,91544.33,86994,1631,1246,287,1.56,3337,0,140,5.99,178.76,0,0,0,0,0,0,0,0,0,0,0,0,0,0,0,0,0,0,0,0,0,0,0,0,0,0,0,6,1,3,1,0,0,0,0,1,0,2,0,0,0,0,3,1,1,0,0,2,0,0,0,0,0,0,2,0,0,0,2,0,0,0,0,1,0,0,0,0,2,2,1,0,0,0,0,0,0,0,0,1,0,0,0,0,1,1,0,0,0,0,0,0,0,0,0,0,0,0,0,0,0,0,0,0,0,0,0,0,0,0,0,0,0,0,0,2,0,0,0,0,0,4,0,0,0,0,0,0,0,0,5,7,7,9,5,0,0,17,13,5,10,4,9,10,7,8,17,26,20,24,20,11,12,17,32,39,26,18,17,12,7
52,28051,Chapinería,40.37941,-4.210002,2328,1181,1147,31394.39,30464,659,454,168,4.3,1197,2,96,3.51,274.11,0,0,0,0,0,0,0,0,0,0,0,0,0,0,0,0,0,0,0,0,0,0,0,0,0,0,0,0,0,0,0,0,0,0,0,0,0,0,0,0,0,6,0,0,0,0,0,0,0,0,0,0,0,0,0,0,0,0,0,0,0,0,0,0,0,0,0,0,0,0,0,0,1,0,0,0,0,0,0,0,0,0,0,0,0,0,0,0,0,0,0,0,1,0,0,0,0,0,0,0,0,0,0,0,0,0,0,0,0,0,0,0,0,0,0,0,0,0,0,0,0,0,0,0,0,0,0,0,0,0,0,0,0,0,0,0,0,5,0,0,4,0,0,0,3,0,0,0,0,0,0,0,3,4,3,7,9,6,3,3,0
53,28052,Chinchón,40.140746,-3.422298,5331,2682,2649,68933.83,97537,1934,1105,347,3.75,2864,25,273,4.42,270.47,0,0,0,0,0,0,0,0,0,0,0,0,0,0,0,0,0,0,0,0,0,0,0,0,0,6,0,0,2,0,1,1,0,0,1,1,0,0,2,2,3,0,3,3,1,0,0,0,0,0,0,0,0,0,1,0,0,0,0,0,0,0,0,1,0,0,0,0,0,0,0,0,0,1,0,0,0,0,0,1,0,0,0,0,0,0,0,0,0,0,1,0,0,0,0,0,0,0,0,0,0,0,0,0,0,1,0,0,0,0,0,0,0,0,0,1,0,1,0,0,0,1,0,0,0,0,0,0,0,0,0,0,0,0,0,0,0,0,0,0,9,11,11,15,17,14,14,9,4,2,4,4,3,11,19,35,38,24,16,7,3
54,28053,Daganzo de Arriba,40.545195,-3.45785,10205,5079,5126,178595.12,321318,3861,3001,469,1.96,6096,4,394,7.69,203.86,0,0,0,0,0,0,0,0,0,0,0,6,0,1,1,0,0,3,2,1,2,0,0,1,0,3,1,0,1,3,1,0,0,0,1,3,1,2,0,1,1,0,1,1,0,0,0,0,1,1,0,1,1,0,1,0,0,0,0,0,0,0,0,0,0,0,0,0,0,0,1,0,0,1,0,0,0,0,0,0,0,0,0,0,0,0,0,0,0,0,0,0,0,0,0,0,0,0,0,0,0,0,0,0,0,0,0,0,0,1,0,1,0,0,0,0,0,0,0,0,1,0,0,0,0,2,0,0,0,0,0,0,6,0,0,0,0,8,5,0,24,20,10,10,7,4,9,10,10,10,12,8,18,41,61,47,23,25,18,15,14
55,28054,El Escorial,40.583641,-4.128143,16162,8004,8158,283685.56,251215,6265,3117,792,3.09,9446,3,385,5.26,283.11,0,0,0,0,0,0,0,0,0,0,0,0,0,0,0,0,0,0,8,1,1,0,4,3,0,0,5,2,0,2,1,0,0,0,4,2,1,1,2,0,0,5,0,0,3,0,2,2,2,0,4,5,2,4,10,2,6,5,1,0,2,3,1,0,0,2,0,0,2,5,2,5,9,0,2,1,7,7,1,1,0,0,0,2,0,1,0,0,1,0,0,0,1,0,0,0,0,0,1,2,0,0,0,0,0,0,0,0,0,0,0,0,1,3,0,0,0,1,0,0,0,0,0,0,0,0,0,0,0,0,0,0,11,6,0,0,6,15,9,0,18,29,33,24,26,23,14,4,7,9,9,14,17,33,41,48,56,57,41,27,22
56,28055,Estremera,40.184731,-3.10624,1260,637,623,14949.16,62759,371,152,91,7.94,642,3,63,5.79,301.78,0,0,0,0,0,0,0,0,0,0,0,0,0,0,0,0,0,0,0,0,0,0,0,0,0,0,0,0,0,0,0,0,0,0,0,0,0,0,0,0,0,0,0,0,0,0,0,6,0,1,0,0,0,0,0,1,0,0,1,0,0,0,0,0,0,0,0,0,0,0,0,0,0,0,0,0,0,0,0,0,0,0,0,0,0,0,0,0,0,0,0,0,0,0,0,0,0,0,0,0,0,0,0,0,1,0,0,0,0,0,0,0,0,0,0,0,0,0,0,0,0,0,0,0,0,0,0,0,13,0,0,0,0,0,0,0,0,0,0,0,0,3,5,3,0,0,0,0,0,0,0,0,4,11,11,20,22,9,2,0,0
57,28056,Fresnedillas de la Oliva,40.486444,-4.172349,1572,797,775,21551.88,18816,414,244,108,6.36,840,5,36,1.86,272.2,0,0,0,0,0,0,0,0,0,0,0,0,0,0,0,0,0,0,0,0,0,0,0,0,0,0,0,0,0,0,0,0,0,0,0,0,0,0,0,0,0,0,0,0,0,0,0,0,0,0,0,6,0,0,1,0,0,0,1,0,0,0,0,1,0,0,0,0,0,0,0,0,0,0,0,0,0,0,0,0,0,0,0,0,0,0,0,0,0,0,0,0,0,0,0,0,0,0,0,0,0,0,0,0,0,0,0,0,0,0,0,0,0,0,0,0,0,0,0,0,0,0,0,0,0,0,0,0,0,0,0,0,0,0,0,0,0,0,0,0,2,0,0,0,0,0,0,0,0,0,0,0,0,4,8,7,8,8,4,2,5
58,28057,Fresno de Torote,40.592128,-3.411755,2221,1164,1057,30723.43,23276,679,344,120,4.5,1278,0,40,5.13,233.84,0,0,0,0,0,0,0,0,0,0,0,0,0,0,0,0,0,0,0,0,0,0,0,0,0,6,0,0,0,3,0,0,0,0,0,1,0,1,0,2,0,0,0,0,0,0,0,0,0,0,0,1,0,0,0,0,0,0,0,0,0,0,0,0,0,0,0,0,0,0,0,0,0,0,0,0,0,0,0,0,0,0,0,0,0,0,0,0,0,0,0,0,0,0,0,0,0,0,0,0,0,0,0,0,0,0,0,0,0,0,0,0,0,0,0,0,0,0,0,0,0,0,0,0,0,0,0,0,0,0,0,0,0,0,0,0,0,0,0,0,0,0,3,4,0,3,0,0,0,0,0,0,0,0,4,5,6,8,3,0,0
59,28058,Fuenlabrada,40.282476,-3.792342,193700,95409,98291,2572113.18,3965089,79356,41341,11981,3.41,108243,11,7850,6.66,116.68,0,0,0,0,0,0,0,0,8,4,2,5,11,3,24,11,23,2,26,56,11,45,46,59,1,35,90,85,90,46,59,2,0,85,46,38,37,23,8,16,56,14,28,52,29,10,14,20,19,21,19,20,22,1,18,21,8,14,12,7,10,15,18,16,9,6,3,1,11,9,9,4,6,2,1,1,5,7,3,8,2,2,13,4,10,10,2,3,0,6,6,2,6,1,0,0,7,14,1,0,0,3,2,5,1,0,8,3,3,0,3,3,1,3,3,3,6,7,6,7,3,1,3,1,5,4,10,0,0,52,92,110,282,247,112,141,220,523,560,392,440,353,373,332,323,333,345,231,205,237,283,305,439,698,993,1159,1035,754,513,344,262
60,28059,Fuente el Saz de Jarama,40.631215,-3.512592,6696,3379,3317,101910.39,143053,2446,828,387,2.99,3890,7,320,5.38,204.1,0,0,0,0,0,0,0,0,0,0,0,0,0,0,0,0,0,0,0,0,0,0,0,0,0,0,6,0,0,0,0,1,0,0,0,1,0,1,0,2,2,4,1,0,3,0,0,0,1,0,1,2,1,0,0,2,0,2,0,0,0,2,1,0,0,0,0,0,0,0,1,0,0,0,0,1,0,0,0,0,0,0,0,1,0,1,0,0,0,0,0,2,0,0,0,0,0,0,0,0,0,0,0,0,1,0,0,0,0,0,0,0,0,2,0,0,0,0,0,0,0,0,0,0,0,1,0,0,0,0,20,10,9,7,8,0,0,7,0,0,6,11,18,15,6,4,5,8,9,8,7,9,13,28,45,66,65,37,16,6,16
61,28060,Fuentidueña de Tajo,40.118545,-3.160254,2053,1023,1030,22675.46,32723,676,169,151,4.87,1119,3,62,5.11,241.81,0,0,0,0,0,0,0,0,0,0,0,0,0,0,0,0,0,0,0,0,0,0,0,6,1,0,0,1,2,1,1,0,0,0,1,0,0,1,0,0,0,2,0,0,0,0,0,0,1,0,0,0,0,0,0,0,0,0,1,0,0,0,0,0,0,0,0,0,0,0,0,0,0,0,0,0,1,0,0,0,0,0,0,0,1,0,0,0,0,0,0,0,0,0,0,0,0,0,0,0,0,0,0,0,0,0,0,0,0,0,0,0,0,0,0,0,1,0,0,0,0,0,0,0,0,0,0,0,0,0,0,0,0,0,0,0,0,6,0,0,2,0,5,6,8,8,3,0,0,0,0,0,4,10,10,5,3,0,4,5,0
62,28061,Galapagar,40.578368,-4.003976,33742,16470,17272,630674.79,413045,13450,5223,1690,2.96,20030,1,806,4.61,212.35,0,0,0,0,0,0,0,0,0,0,0,6,1,3,1,4,3,3,4,3,3,5,5,4,1,3,6,2,6,5,1,0,0,1,9,11,9,5,3,1,2,5,7,3,3,1,0,7,11,4,11,5,5,3,13,5,14,6,4,1,0,9,1,7,3,1,1,1,7,1,2,4,2,3,0,2,4,5,0,2,1,0,3,1,0,0,2,0,0,1,1,0,0,2,0,0,0,2,0,0,0,0,1,0,0,1,0,3,0,0,0,1,1,1,0,0,0,1,0,0,0,0,1,1,1,2,0,8,10,0,24,16,5,11,6,19,43,17,39,10,65,72,84,98,80,75,69,46,36,34,41,57,73,113,131,143,146,126,106,81,48
63,28062,Garganta de los Montes,40.921601,-3.686459,347,189,158,4420.41,8703,138,0,28,28.82,198,4,25,2.64,373.56,0,0,0,0,0,0,0,0,0,0,0,0,0,0,0,0,0,0,0,0,0,0,0,0,0,0,0,0,0,0,0,0,0,0,0,0,0,0,0,0,0,0,0,0,0,0,0,0,0,0,0,0,0,0,0,0,0,0,0,0,0,0,0,0,0,0,0,0,0,0,0,0,0,0,0,0,0,0,0,0,0,0,0,0,0,0,0,0,0,0,0,0,0,0,0,0,0,0,0,0,0,0,0,0,0,0,0,0,0,0,0,0,0,0,0,0,0,0,0,0,0,0,0,0,0,0,0,0,0,0,0,0,0,0,0,0,0,0,0,0,0,0,0,0,0,0,0,0,0,0,0,0,0,3,2,0,0,0,0,0,0
64,28063,Gargantilla del Lozoya y Pinilla de Buitrago,40.965515,-3.707791,316,170,146,4904.49,10524,120,0,19,31.65,189,12,27,2.07,493.71,0,0,0,0,0,0,0,0,0,0,0,0,0,0,0,0,0,0,0,0,0,0,0,0,0,0,0,0,0,0,0,0,0,0,0,0,0,0,0,0,0,0,0,0,0,0,0,0,0,0,0,0,0,0,0,0,0,0,0,0,0,0,0,0,0,0,0,0,0,0,0,0,0,0,0,0,0,0,0,0,0,0,0,0,0,0,0,0,0,0,0,0,0,0,0,0,0,0,0,0,0,0,0,0,0,0,0,0,0,0,0,0,0,0,0,0,0,0,0,0,0,0,0,0,0,0,0,0,0,0,0,0,0,0,0,0,0,0,0,0,0,0,0,0,0,0,5,3,0,0,0,0,0,0,0,0,0,0,0,0,0
65,28064,Gascones,41.018565,-3.641499,193,110,83,2392.78,5625,54,0,5,0,114,2,14,3.57,287.23,0,0,0,0,0,0,0,0,0,0,0,0,0,0,0,0,0,0,0,0,0,0,0,0,0,0,0,0,0,0,0,0,0,0,0,0,0,0,0,0,0,0,0,0,0,0,0,0,0,0,0,0,0,0,0,0,0,0,0,0,0,0,0,0,0,0,0,0,0,0,0,0,0,0,0,0,0,0,0,0,0,0,0,0,0,0,0,0,0,0,0,0,0,0,0,0,0,0,0,0,0,0,0,0,0,0,0,0,0,0,0,0,0,0,0,0,0,0,0,0,0,0,0,0,0,0,0,0,0,0,0,0,0,0,0,0,0,0,0,0,0,0,0,0,0,0,0,0,0,0,0,0,0,0,0,0,0,0,0,0,0
66,28065,Getafe,40.308181,-3.730268,183374,89701,93673,2793541.26,5103808,71480,37307,9582,3.33,96349,15,5348,10.37,163,0,0,0,0,0,0,0,0,0,6,2,1,4,5,12,4,21,4,8,41,32,43,97,22,4,7,39,14,38,33,42,2,5,21,67,22,27,18,9,12,52,40,24,43,28,11,13,22,26,30,28,42,9,0,18,20,19,28,12,3,2,32,26,15,12,0,1,0,8,28,10,3,5,2,1,3,6,8,3,8,13,17,12,10,14,14,6,1,0,24,7,3,6,7,0,0,9,10,3,11,15,3,5,10,1,10,3,0,0,7,6,12,17,9,9,3,4,3,4,13,5,0,0,1,10,1,0,0,0,29,42,72,158,167,142,142,180,308,272,170,417,303,279,218,226,207,205,150,164,206,255,265,273,463,728,868,817,634,458,316,221
67,28066,Griñón,40.213661,-3.858148,10319,5157,5162,167845.25,359268,3851,3319,430,1.94,6355,2,504,6.74,204.76,0,0,0,0,0,0,0,0,0,0,0,0,0,0,0,0,0,0,0,0,0,6,0,3,3,2,3,1,4,8,4,0,0,1,1,0,5,2,0,1,5,4,3,1,1,1,0,8,1,2,1,3,1,0,1,1,0,1,0,0,0,1,0,1,0,0,0,0,1,0,2,0,0,0,1,0,1,1,0,0,0,0,0,0,2,0,0,0,0,0,0,14,0,0,0,0,0,0,1,0,0,2,0,0,0,0,0,1,0,0,0,0,1,9,0,0,0,0,0,0,0,0,0,0,0,0,0,0,0,0,0,0,8,6,0,6,6,20,11,7,23,16,13,21,27,25,16,9,7,10,18,23,28,40,44,55,63,49,38,25,10
68,28067,Guadalix de la Sierra,40.782238,-3.700779,6214,3136,3078,94437.39,85378,2377,825,348,3.22,3515,4,185,4.05,216.87,0,0,0,0,0,0,0,0,0,0,0,0,0,0,0,0,0,0,0,0,0,0,0,0,0,0,6,0,3,2,0,0,1,1,2,0,2,2,0,1,1,2,2,0,1,0,1,1,0,0,0,0,1,0,1,2,0,0,1,1,0,0,0,0,0,0,2,0,1,2,1,10,0,0,0,0,0,0,0,0,0,0,0,0,0,0,0,0,0,0,0,0,0,0,0,0,0,0,0,0,1,0,1,0,0,0,0,0,0,0,0,0,0,0,0,0,0,0,0,0,0,0,0,0,0,1,0,0,0,0,0,0,0,0,0,0,0,15,7,0,6,5,8,14,15,11,16,6,5,8,10,10,12,17,15,17,23,26,16,9,6
69,28068,Guadarrama,40.673445,-4.089391,16032,7921,8111,263445.28,250883,6026,5422,748,2.5,9280,14,511,5.87,258.16,0,0,0,0,0,0,0,0,0,0,0,0,0,0,0,0,0,0,7,2,2,1,5,2,0,0,5,0,5,1,3,0,0,1,7,2,7,4,3,1,4,8,6,6,1,1,1,5,6,3,13,4,2,2,14,8,13,10,3,1,1,5,2,6,3,1,0,5,2,3,1,2,3,1,0,0,1,10,0,3,3,0,0,4,1,2,0,0,0,2,0,1,0,1,0,0,0,1,0,0,1,0,0,1,1,0,0,0,1,0,0,2,2,3,0,0,0,1,0,0,1,0,0,0,0,0,0,0,8,0,0,0,8,7,0,6,8,18,23,14,51,73,65,43,24,34,19,13,9,9,17,24,28,49,75,66,50,45,33,22,11
70,28069,La Hiruela,41.0775835,-3.4569292,57,39,18,647.96,2939,8,0,2,0,12,7,6,2.33,541.67,0,0,0,0,0,0,0,0,0,0,0,0,0,0,0,0,0,0,0,0,0,0,0,0,0,0,0,0,0,0,0,0,0,0,0,0,0,0,0,0,0,0,0,0,0,0,0,0,0,0,0,0,0,0,0,0,0,0,0,0,0,0,0,0,0,0,0,0,0,0,0,0,0,0,0,0,0,0,0,0,0,0,0,0,0,0,0,0,0,0,0,0,0,0,0,0,0,0,0,0,0,0,0,0,0,0,0,0,0,0,0,0,0,0,0,0,0,0,0,0,0,0,0,0,0,0,0,0,19,0,0,0,0,0,0,0,0,0,0,0,0,0,0,0,0,0,0,0,0,0,0,0,0,0,0,0,0,0,0,0,0
71,28070,Horcajo de la Sierra-Aoslos,41.078683,-3.583902,145,78,67,1731.92,6995,38,0,6,0,64,8,12,2.67,371.62,0,0,0,0,0,0,0,0,0,0,0,0,0,0,0,0,0,0,0,0,0,0,0,0,0,0,0,0,0,0,0,0,0,0,0,0,0,0,0,0,0,0,0,0,0,0,0,0,0,0,0,0,0,0,0,0,0,0,0,0,0,0,0,0,0,0,0,0,0,0,0,0,0,0,0,0,0,0,0,0,0,0,0,0,0,0,0,0,0,0,0,0,0,0,0,0,0,0,0,0,0,0,0,0,0,0,0,0,0,0,0,0,0,0,0,0,0,0,0,0,0,0,0,0,0,0,0,0,0,0,0,0,0,0,0,0,0,0,0,0,0,0,0,0,0,0,0,0,0,0,0,0,0,0,0,0,0,0,0,0,0
72,28071,Horcajuelo de la Sierra,41.058751,-3.545493,86,47,39,987.96,4739,26,0,3,0,42,5,6,4.33,370.79,0,0,0,0,0,0,0,0,0,0,0,0,0,0,0,0,0,0,0,0,0,0,0,0,0,0,0,0,0,0,0,0,0,0,0,0,0,0,0,0,0,0,0,0,0,0,0,0,0,0,0,0,0,0,0,0,0,0,0,0,0,0,0,0,0,0,0,0,0,0,0,0,0,0,0,0,0,0,0,0,0,0,0,0,0,0,0,0,0,0,0,0,0,0,0,0,0,0,0,0,0,0,0,0,0,0,0,0,0,0,0,0,0,0,0,0,0,0,0,0,0,0,0,0,0,0,0,0,0,0,0,0,0,0,0,0,0,0,0,0,0,0,0,0,0,0,0,0,0,0,0,0,0,0,0,0,0,0,0,0,0
73,28072,Hoyo de Manzanares,40.621612,-3.909132,8434,4226,4208,169970.46,129952,3092,1003,324,3.56,4957,2,220,3.55,293.36,0,0,0,0,0,0,0,0,0,0,0,0,0,0,0,0,0,0,0,0,0,0,0,7,0,0,0,1,1,0,1,0,0,0,0,3,2,2,1,0,0,1,0,0,1,0,0,0,1,1,2,1,0,1,0,0,0,3,1,2,0,1,0,1,0,0,0,0,1,2,0,0,1,0,0,0,0,1,0,0,0,0,0,0,1,0,2,0,0,1,0,0,0,0,0,0,0,0,0,1,0,0,0,1,0,0,0,0,0,0,0,0,0,0,0,1,0,0,0,0,0,0,0,0,0,0,0,0,0,0,0,0,0,0,0,0,0,7,6,0,18,12,15,20,21,12,17,15,8,4,9,10,15,27,22,31,49,40,33,31,27
74,28073,Humanes de Madrid,40.250885,-3.8271,19743,9893,9850,251067.54,794029,7116,5336,1210,2.03,10776,5,1910,6.28,147.7,0,0,0,0,0,0,0,0,0,0,0,0,0,0,0,6,3,0,1,2,1,4,3,3,0,2,4,5,6,4,5,0,0,3,0,6,4,1,2,0,4,4,1,3,3,1,4,1,2,0,2,0,3,0,3,1,2,0,3,3,0,1,0,0,0,0,0,0,1,4,4,1,0,0,0,0,2,1,1,0,0,0,0,0,1,0,2,0,0,0,2,0,0,1,1,0,2,0,1,0,1,0,1,1,0,0,5,0,1,0,1,1,0,0,0,0,1,0,0,0,1,1,0,0,0,0,0,0,0,9,0,5,18,26,9,14,39,62,54,48,50,43,46,33,31,33,29,16,15,21,28,38,44,71,94,92,91,77,56,36,16
75,28074,Leganés,40.328194,-3.76527,189861,91999,97862,2750277.49,4559634,80392,36021,10265,3.58,99483,9,5886,8.12,146.77,0,0,0,0,0,0,0,0,0,0,8,2,7,6,6,7,22,9,8,180,77,29,65,98,10,14,144,175,91,128,134,5,21,93,159,83,205,100,26,17,171,60,76,30,122,6,23,33,42,37,31,39,24,3,41,30,15,28,17,11,1,25,17,31,9,3,6,1,15,18,16,9,9,5,0,2,27,7,4,5,2,0,5,4,8,18,6,14,3,59,12,36,14,5,8,8,4,18,10,10,0,13,2,9,4,13,9,6,10,0,14,16,10,4,6,10,1,4,9,9,10,3,4,1,11,3,7,0,0,38,33,54,216,229,128,122,135,388,319,316,380,307,274,211,194,222,235,172,165,160,208,250,284,492,682,775,745,580,404,312,227
76,28075,Loeches,40.38379,-3.409228,8791,4400,4391,123548.92,311956,2614,1727,460,2.28,5139,1,435,7.29,206.73,0,0,0,0,0,0,0,0,0,0,0,0,0,0,0,0,0,0,0,0,0,6,1,1,0,2,1,3,2,6,3,0,0,0,3,6,1,3,1,1,2,2,1,0,1,1,0,1,1,0,0,0,0,0,0,0,0,0,0,0,0,0,0,0,0,0,0,0,0,0,0,1,0,0,0,0,0,0,0,0,0,0,0,0,0,0,0,0,0,0,0,0,0,0,0,0,0,1,0,0,0,0,0,0,0,0,0,0,0,0,0,1,0,0,0,0,0,0,0,0,1,0,0,0,0,0,0,0,0,0,0,0,0,5,6,0,0,11,7,0,17,14,13,8,14,11,6,12,18,11,12,14,11,30,39,32,28,21,13,18,20
77,28076,Lozoya,40.951124,-3.792119,581,309,272,8188.13,12251,189,78,27,17.21,269,5,37,3.41,400.72,0,0,0,0,0,0,0,0,0,0,0,0,0,0,0,0,0,0,0,0,0,0,0,0,0,0,0,0,0,0,0,0,0,0,0,0,0,0,0,0,0,0,0,0,0,0,0,0,0,0,0,0,0,0,0,0,0,0,0,0,0,0,0,0,0,0,0,0,0,0,0,0,0,0,0,0,0,0,0,0,0,0,0,0,0,0,0,0,0,0,0,0,0,0,0,0,0,0,0,0,0,0,0,0,0,0,0,0,0,0,0,0,0,0,0,0,0,0,0,0,0,0,0,0,0,0,0,0,0,0,0,0,0,0,0,0,0,0,0,0,0,0,0,3,4,0,0,0,0,0,0,0,0,0,0,0,0,0,0,0,0
78,28078,Madarcos,41.047731,-3.582155,48,30,18,516.01,2755,17,0,2,0,288,5,3,2,212.77,0,0,0,0,0,0,0,0,0,0,0,0,0,0,0,0,0,0,0,0,0,0,0,0,0,0,0,0,0,0,0,0,0,0,0,0,0,0,0,0,0,0,0,0,0,0,0,0,0,0,0,0,0,0,0,0,0,0,0,0,0,0,0,0,0,0,0,0,0,0,0,0,0,0,0,0,0,0,0,0,0,0,0,0,0,0,0,0,0,0,0,0,0,0,0,0,0,0,0,0,0,0,0,0,0,0,0,0,0,0,0,0,0,0,0,0,0,0,0,0,0,0,0,0,0,0,0,0,0,0,0,0,0,0,0,0,0,0,0,0,0,0,0,0,0,0,0,0,0,0,0,0,0,0,0,0,0,0,0,0,0
79,28080,Majadahonda,40.473055,-3.872414,71826,34018,37808,1952116.3,2209705,28042,16211,2157,3.48,42905,2,2385,7.68,248.1,0,0,0,0,0,0,0,0,0,0,6,0,3,3,8,8,2,6,7,14,6,20,16,26,15,14,14,22,18,14,10,0,2,9,15,11,18,10,7,6,6,5,10,0,4,2,1,14,16,5,12,32,7,1,21,12,17,7,6,0,4,18,8,7,2,0,0,2,4,6,4,2,2,0,1,0,3,17,1,6,1,0,14,2,1,4,2,0,0,1,4,2,1,2,2,1,2,3,1,0,0,1,1,1,1,2,0,3,0,0,0,1,0,2,0,2,0,1,2,2,5,0,0,3,2,0,0,0,0,8,30,41,49,39,36,29,19,118,65,27,229,267,257,186,154,135,99,71,85,86,109,135,135,246,349,390,361,284,215,168,126
80,28082,Manzanares El Real,40.726851,-3.864914,8840,4474,4366,153947.31,102323,3094,998,470,2.26,4831,8,203,3.78,255.79,0,0,0,0,0,0,0,0,0,0,0,0,0,0,0,0,0,0,0,0,0,0,0,0,0,6,0,0,1,2,3,0,1,1,0,3,1,4,0,0,2,0,0,1,3,1,0,0,1,1,1,1,1,1,0,0,1,1,0,0,0,0,1,1,0,0,0,0,0,0,1,0,0,0,0,0,5,0,0,1,0,0,0,0,0,0,0,0,0,0,0,0,0,0,0,0,0,0,0,0,1,0,0,0,2,0,0,1,0,0,0,0,0,0,0,0,0,0,0,0,0,0,0,0,0,0,0,0,0,0,0,0,0,0,0,0,0,11,7,5,18,16,16,17,12,15,15,9,5,4,6,5,6,13,22,30,33,30,25,21,14
81,28083,Meco,40.553746,-3.328156,14305,7211,7094,209684.86,479882,4740,2967,844,2.1,8585,2,345,8.59,202.38,0,0,0,0,0,0,0,0,0,0,6,0,1,2,3,0,6,1,1,6,7,1,5,0,16,10,1,10,1,5,1,0,0,1,2,5,5,1,0,9,3,1,1,1,2,0,0,2,1,0,2,1,2,0,0,1,0,0,0,0,1,1,0,0,0,0,1,0,0,1,0,0,0,0,0,0,0,1,0,0,0,0,0,0,0,0,10,0,1,0,0,0,2,0,1,0,0,0,1,0,0,0,0,0,0,0,0,0,0,0,0,0,0,0,0,0,0,0,0,0,1,1,0,0,0,1,0,0,0,6,9,0,11,15,0,0,0,30,16,0,8,15,16,11,11,15,9,6,5,8,13,11,12,22,32,50,63,60,43,20,13
82,28084,Mejorada del Campo,40.397179,-3.489607,23274,11540,11734,309908.72,498303,8480,3949,1432,2.15,13429,4,1090,5.75,141.69,0,0,0,0,0,0,0,0,0,0,0,0,0,0,0,0,6,2,4,1,5,5,2,8,10,9,7,2,4,7,7,0,1,6,5,11,10,10,1,4,6,4,3,2,4,1,2,3,4,0,3,0,1,0,3,3,0,0,1,0,0,1,2,0,3,0,0,0,0,0,0,0,1,0,0,0,0,0,0,1,0,0,1,0,1,1,0,11,0,0,0,0,0,0,0,0,0,2,0,0,0,0,0,0,0,0,0,0,0,0,0,0,0,0,0,1,0,0,1,0,0,0,1,0,0,2,0,0,0,0,0,0,8,17,12,17,16,38,36,11,45,51,48,50,56,48,35,30,32,37,45,53,55,74,93,111,104,81,83,62,34
83,28085,Miraflores de la Sierra,40.813753,-3.766724,6108,3133,2975,98516.78,100090,2217,814,380,4.91,3122,12,255,3.47,327.12,0,0,0,0,0,0,0,0,0,0,0,0,0,0,0,0,0,0,0,7,1,0,0,3,0,0,0,1,0,2,1,0,2,1,2,2,0,0,0,0,0,2,2,2,1,0,1,1,1,0,0,0,0,0,0,0,1,0,1,0,0,1,1,0,0,0,0,0,0,0,0,0,1,0,0,0,0,0,0,1,0,0,0,0,0,3,0,0,0,0,0,0,0,0,0,0,0,0,0,0,0,0,0,0,0,0,0,0,0,0,0,0,0,0,0,0,0,0,0,0,0,0,0,0,0,0,0,0,0,0,0,0,0,0,0,0,0,10,0,0,9,11,10,8,9,11,7,3,5,17,16,8,6,15,20,32,36,16,9,10,13
84,28086,El Molar,40.7344901,-3.5902888,8938,4557,4381,124684.09,103497,2448,2167,477,2.24,4446,7,271,4.07,165.47,0,0,0,0,0,0,0,0,0,0,0,0,0,0,0,0,0,0,0,0,0,0,0,6,0,0,0,1,0,0,2,0,1,0,0,2,0,2,0,1,2,4,2,0,1,0,1,0,1,1,2,1,1,0,1,1,0,0,1,0,0,0,1,1,0,0,0,0,0,1,0,0,0,0,0,0,0,0,0,0,0,0,0,1,0,1,1,0,0,0,0,0,0,0,0,0,0,1,0,0,0,0,0,0,0,0,0,0,1,0,0,0,0,0,0,0,0,0,0,1,1,0,0,0,0,0,0,0,16,0,0,0,0,0,0,0,0,10,0,0,26,29,21,12,12,6,5,4,2,2,7,12,12,35,44,51,60,41,21,37,30
85,28087,Los Molinos,40.7094712,-4.0923203,4389,2160,2229,77802.97,57146,1738,2167,219,4.56,2552,3,150,4.53,334.33,0,0,0,0,0,0,0,0,0,0,0,0,0,0,0,0,0,0,0,0,6,0,2,5,0,2,2,0,1,3,0,0,0,0,2,1,1,1,1,1,0,5,3,1,0,0,0,1,0,0,3,2,0,0,1,1,2,3,1,0,0,0,0,1,0,0,0,0,0,1,0,0,0,0,0,0,0,6,0,0,0,0,1,0,0,0,0,0,0,0,0,0,0,0,0,0,1,0,0,0,0,0,0,0,0,0,0,0,0,1,0,0,0,0,0,1,0,1,0,0,0,0,0,0,0,0,0,0,0,0,0,0,0,0,0,0,0,8,0,0,24,19,9,8,8,4,3,0,3,5,6,5,4,14,26,26,27,24,15,6,3
86,28088,Montejo de la Sierra,41.059353,-3.530299,353,178,175,4616.73,10729,109,6,15,28.33,150,8,30,4.47,355.37,0,0,0,0,0,0,0,0,0,0,0,0,0,0,0,0,0,0,0,0,0,0,0,0,0,0,0,0,0,0,0,0,0,0,0,0,0,0,0,0,0,0,0,0,0,0,0,0,0,0,0,0,0,0,0,0,0,0,0,0,0,0,0,0,0,0,0,0,0,0,0,0,0,0,0,0,0,0,0,0,0,0,0,0,0,0,0,0,0,0,0,0,0,0,0,0,0,0,0,0,0,0,0,0,0,0,0,0,0,0,0,0,0,0,0,0,0,0,0,0,0,0,0,0,0,0,0,0,0,0,0,0,0,0,0,0,0,0,0,0,0,0,0,0,0,0,0,0,0,0,0,0,0,2,0,0,2,3,2,0,0
87,28089,Moraleja de Enmedio,40.261553,-3.861212,5136,2548,2588,70483.3,157159,1851,787,264,1.95,3246,2,344,6.05,208.33,0,0,0,0,0,0,0,0,0,0,0,0,0,0,0,0,0,0,0,0,6,1,1,1,0,0,0,1,2,0,0,0,0,1,1,0,0,0,0,0,2,0,0,2,0,0,0,1,0,0,1,0,0,0,1,0,1,0,0,0,2,0,0,0,1,0,0,0,0,0,0,0,0,0,0,0,0,0,0,0,0,0,0,0,0,0,1,0,0,0,1,0,0,0,0,0,0,0,0,1,0,0,1,0,0,0,0,0,0,0,0,0,0,0,0,0,0,0,0,0,0,0,0,0,0,0,0,0,0,0,0,0,0,0,0,0,6,11,8,0,8,32,39,22,6,5,8,8,6,9,15,18,12,11,15,32,34,18,11,8,5
88,28090,Moralzarzal,40.679144,-3.972098,13026,6527,6499,234886.02,181288,4702,4163,585,2.3,7347,2,385,4.6,216.82,0,0,0,0,0,0,0,0,0,0,0,0,0,0,0,0,0,0,0,0,0,0,0,0,0,6,4,0,2,8,1,0,0,1,2,3,4,3,2,1,3,4,4,3,0,1,0,0,2,1,4,0,1,0,2,0,1,0,1,0,0,1,2,1,0,0,0,0,4,0,0,2,0,0,0,1,0,2,0,0,0,0,0,0,0,0,1,0,0,0,0,1,0,0,0,0,0,0,0,2,0,0,0,0,0,0,0,0,0,0,0,0,0,1,0,0,0,0,0,1,0,0,0,0,0,1,0,0,0,0,0,0,0,0,0,0,0,14,9,0,27,22,27,43,44,38,28,22,23,16,14,14,14,24,50,66,63,73,64,35,24
89,28091,Morata de Tajuña,40.229432,-3.436735,7683,3836,3847,94930.97,120787,2507,1249,532,2.6,4148,3,244,5.75,211.84,0,0,0,0,0,0,0,0,0,0,0,9,15,2,2,0,2,1,1,3,0,1,0,3,1,0,5,8,4,5,1,1,0,0,2,1,2,3,1,1,3,0,0,1,3,1,0,2,0,0,0,1,0,0,1,2,1,2,0,0,0,3,0,1,1,0,0,0,0,0,0,0,0,1,0,0,0,2,0,0,0,0,0,0,0,0,0,0,0,0,0,0,0,0,1,0,0,0,0,2,0,0,0,2,6,0,1,1,0,0,1,0,0,0,0,0,0,0,0,0,0,0,0,0,0,0,0,0,0,0,0,0,0,5,13,13,16,15,15,16,21,26,23,11,15,19,6,3,3,4,4,3,4,9,18,25,27,24,22,21,18
90,28092,Móstoles,40.323853,-3.864921,209184,101905,107279,2934360.57,3239759,86564,39890,11911,3.49,112273,7,6961,6.37,126.86,0,0,0,0,0,0,0,0,0,0,7,3,3,3,12,17,7,5,58,17,15,48,28,76,1,12,61,77,118,120,57,2,10,58,87,77,49,51,23,14,64,82,51,61,38,16,18,61,45,44,44,37,9,4,34,44,20,21,16,8,8,24,28,14,16,1,0,1,73,25,15,14,9,10,1,0,8,11,2,9,1,0,7,18,7,11,5,9,0,4,9,9,10,8,3,1,1,20,2,5,4,2,2,3,0,5,9,4,8,2,0,10,7,7,7,2,0,10,2,5,4,3,2,2,6,1,6,0,0,89,147,100,230,182,109,81,77,305,225,35,394,362,404,370,309,294,326,282,274,296,385,418,434,678,908,1090,1038,740,442,247,191
91,28093,Navacerrada,40.728793,-4.015168,2972,1493,1479,57518.28,49641,1077,407,128,3.36,1573,8,134,3.65,375.82,0,0,0,0,0,0,0,0,0,0,0,0,0,0,0,0,0,0,0,0,0,0,0,0,0,0,0,0,0,0,0,0,0,0,6,2,1,0,0,0,2,0,0,0,0,1,0,1,0,0,1,0,0,0,1,1,1,0,0,0,0,0,1,0,1,0,0,0,0,0,0,1,0,0,0,0,0,0,0,0,0,0,0,0,0,0,0,0,0,1,0,0,0,0,0,0,0,0,0,0,0,0,0,0,0,0,0,0,0,0,0,0,0,0,0,0,0,0,0,0,0,0,0,0,0,0,0,0,0,0,0,0,0,0,0,0,0,6,0,0,0,0,6,13,11,4,3,2,0,0,0,5,6,10,20,31,28,21,13,7,4
92,28094,Navalafuente,40.82353,-3.674161,1449,744,705,19625.55,13506,382,23,106,6.9,763,3,36,3.03,319.26,0,0,0,0,0,0,0,0,0,0,0,0,0,0,0,0,0,0,0,0,0,0,0,0,0,0,0,0,0,0,0,0,0,0,0,0,0,0,0,0,0,0,0,0,0,0,0,0,0,0,0,0,6,0,0,0,0,0,0,0,0,0,0,0,0,0,0,0,1,0,0,0,0,0,0,0,0,0,0,0,0,0,0,0,0,0,0,0,0,0,0,0,0,1,0,0,0,0,0,0,0,0,0,0,0,0,0,0,0,0,0,0,0,0,0,0,0,0,0,0,0,0,0,0,0,0,0,0,0,0,0,0,0,0,0,0,0,0,0,0,0,0,0,0,0,0,0,0,0,0,5,6,0,0,3,3,2,5,4,4,4
93,28095,Navalagamella,40.469059,-4.122708,2610,1350,1260,33209.06,23632,743,191,167,3.83,1289,1,45,3.71,238.75,0,0,0,0,0,0,0,0,0,0,0,0,0,0,0,0,0,0,0,0,0,0,0,0,0,0,0,0,0,0,0,0,0,0,0,0,0,0,0,0,0,0,0,0,0,0,0,0,0,0,0,6,0,0,0,0,0,0,0,0,0,0,0,0,0,0,0,0,0,0,0,0,0,0,0,0,0,0,0,0,0,0,0,0,0,0,0,0,0,0,0,0,0,0,0,0,0,1,0,0,0,0,0,0,0,0,0,0,0,0,0,0,0,0,0,0,0,0,0,0,0,0,0,0,1,0,0,0,0,0,0,0,0,0,0,0,0,10,6,0,9,5,6,4,3,3,0,0,0,0,3,0,0,11,16,15,10,7,8,3,4
94,28096,Navalcarnero,40.287717,-4.014299,29298,14585,14713,407471.11,537621,7408,7479,1645,2.05,15455,8,816,6.22,174.46,0,0,0,0,0,0,0,0,0,0,0,0,6,3,4,4,2,3,2,3,0,1,2,6,1,0,10,5,2,17,5,0,1,3,5,8,1,4,0,1,0,10,2,3,2,3,0,1,3,4,9,1,0,0,1,3,3,0,3,1,2,2,3,4,0,0,2,1,3,2,3,2,1,1,0,1,0,0,0,1,0,0,2,1,1,1,2,4,0,0,0,3,4,0,0,0,0,1,1,2,0,1,0,0,0,0,21,1,0,3,0,0,0,1,0,0,0,1,0,0,0,0,0,0,0,1,0,0,0,0,0,0,12,6,0,0,11,34,30,7,41,39,43,37,41,49,38,37,24,19,44,61,80,105,102,134,169,123,54,36,39
95,28097,Navarredonda y San Mamés,41.005917,-3.72892,129,84,45,1654.43,4593,31,0,7,0,61,6,5,1.2,500,0,0,0,0,0,0,0,0,0,0,0,0,0,0,0,0,0,0,0,0,0,0,0,0,0,0,0,0,0,0,0,0,0,0,0,0,0,0,0,0,0,0,0,0,0,0,0,0,0,0,0,0,0,0,0,0,0,0,0,0,0,0,0,0,0,0,0,0,0,0,0,0,0,0,0,0,0,0,0,0,0,0,0,0,0,0,0,0,0,0,0,0,0,0,0,0,0,0,0,0,0,0,0,0,0,0,0,0,0,0,0,0,0,0,0,0,0,0,0,0,0,0,0,0,0,0,0,0,8,0,0,0,0,0,0,0,0,0,0,0,0,0,0,0,0,0,0,0,0,0,0,0,0,0,0,0,0,0,0,0,0
96,28099,Navas del Rey,40.386367,-4.25084,2918,1535,1383,33433.6,46930,766,401,199,6.85,1428,5,116,6.23,218.52,0,0,0,0,0,0,0,0,0,0,0,0,0,0,0,0,0,0,0,13,2,0,0,9,0,0,6,4,0,1,0,0,0,1,1,0,0,1,0,1,0,2,0,1,0,0,0,0,1,0,2,0,0,0,0,0,1,0,0,0,1,0,0,2,2,10,0,0,0,0,0,0,6,11,0,0,0,0,0,0,0,0,0,1,0,0,0,0,0,1,0,0,2,0,0,0,0,0,0,0,0,0,0,0,0,0,0,0,0,0,0,0,0,0,1,0,0,0,0,0,0,0,0,0,0,0,0,0,0,0,0,0,0,0,0,0,0,5,0,0,3,2,2,0,2,0,0,2,3,4,4,3,0,3,6,9,11,11,8,4,5
97,28100,Nuevo Baztán,40.365841,-3.243198,6276,3191,3085,102639.44,82591,2310,1056,380,3.19,4051,0,232,3.63,232.69,0,0,0,0,0,0,0,0,0,0,0,0,0,0,0,0,0,0,0,0,0,0,0,0,8,1,2,4,1,0,1,0,0,0,1,1,0,1,0,0,2,1,0,1,1,0,0,0,0,0,0,2,0,0,1,2,0,0,0,0,1,0,0,0,1,0,0,0,0,0,0,0,0,0,0,0,0,0,0,0,0,0,0,0,2,0,0,0,0,0,0,0,2,0,0,0,0,0,0,0,0,1,0,0,0,0,0,0,0,0,0,0,0,0,0,0,0,0,0,0,0,0,0,0,0,0,0,0,0,0,0,0,0,0,0,8,11,11,9,7,10,11,10,5,3,4,5,6,8,5,7,8,13,19,14,6,18,26,14,7,6
98,28101,Olmeda de las Fuentes,40.369523,-3.22132,348,185,163,5724.21,7982,102,7,14,28.74,183,8,9,4.22,393.06,0,0,0,0,0,0,0,0,0,0,0,0,0,0,0,0,0,0,0,0,0,0,0,0,0,0,0,0,0,0,0,0,0,0,0,0,0,0,0,0,0,0,0,0,0,0,0,0,0,0,0,0,0,0,0,0,0,0,0,0,0,0,0,0,0,0,0,0,0,0,0,0,0,0,0,0,0,0,0,0,0,0,0,0,0,0,0,0,0,0,0,0,0,0,0,0,0,0,0,0,0,0,0,0,0,0,0,0,0,0,0,0,0,0,0,0,0,0,0,0,0,0,0,0,0,0,0,0,0,0,0,0,0,0,0,0,0,0,0,0,0,0,0,0,0,0,0,0,0,0,0,0,2,0,0,0,2,0,0,0,0
99,28102,Orusco de Tajuña,40.285341,-3.209652,1244,637,607,14869.01,28171,331,300,93,8.04,536,0,30,5,262.9,0,0,0,0,0,0,0,0,0,0,0,0,0,0,0,0,0,0,0,0,0,0,0,0,0,0,0,0,0,0,6,0,0,0,4,0,0,1,4,0,4,0,0,0,0,0,0,0,0,0,1,0,0,0,0,0,0,0,0,0,0,0,0,0,0,0,0,0,0,0,0,0,0,0,0,0,0,0,0,0,0,0,0,0,0,0,0,0,0,0,0,0,0,0,0,0,0,2,2,0,2,0,0,0,0,0,0,0,0,0,0,1,0,0,0,0,0,0,0,0,0,0,0,0,0,0,0,0,0,0,0,0,0,0,0,0,0,0,0,0,3,3,0,0,3,3,0,0,0,0,0,0,3,3,3,4,6,4,0,0,0
100,28104,Paracuellos de Jarama,40.505099,-3.531845,25269,12703,12566,499033.13,452367,3805,6551,786,1.98,13554,7,693,7.23,214.06,0,0,0,0,0,0,0,0,0,0,0,0,6,2,0,0,1,3,1,1,1,0,0,1,1,2,0,0,0,6,4,0,0,1,3,4,0,6,2,4,1,5,4,0,1,0,1,0,1,0,0,1,0,0,0,2,1,2,0,0,1,0,0,0,1,0,0,0,1,0,1,0,0,0,0,0,1,0,0,0,0,0,0,0,0,0,0,1,0,0,0,0,0,1,0,0,0,2,0,0,0,0,0,1,1,0,0,0,0,0,1,0,1,0,2,0,0,1,0,0,0,1,2,1,1,0,0,0,0,0,6,11,17,7,6,6,5,34,11,8,59,49,38,38,35,19,18,16,17,19,38,45,40,63,76,95,106,80,55,45,38
101,28106,Parla,40.237395,-3.77189,130124,64802,65322,1599846.71,1480452,37047,29292,9223,2.15,61359,3,3001,5.25,89.8,0,0,0,0,0,0,0,0,0,7,0,4,2,3,4,3,9,1,16,11,18,21,15,33,33,24,13,36,25,43,24,1,14,11,8,14,13,43,40,21,38,0,13,9,12,4,2,7,4,10,13,12,3,0,6,14,4,16,2,1,3,17,12,6,0,0,1,1,3,21,1,0,0,2,2,0,3,4,0,2,0,0,0,3,1,1,2,1,0,3,6,4,2,2,1,1,0,1,1,3,0,6,5,1,1,0,13,0,2,1,1,2,0,6,4,3,0,2,1,1,0,4,0,0,0,2,0,0,0,17,32,45,57,102,168,172,148,177,151,346,430,288,261,200,172,179,176,124,120,125,165,206,210,371,463,540,600,472,323,221,186
102,28107,Patones,40.883125,-3.481558,541,254,287,7717.16,10254,180,157,14,18.48,286,8,27,4.41,311.66,0,0,0,0,0,0,0,0,0,0,0,0,0,0,0,0,0,0,0,0,0,0,0,0,0,0,0,0,0,0,0,0,0,0,0,0,0,0,0,0,0,0,0,0,0,0,0,0,0,0,0,0,0,0,0,0,0,6,0,0,0,0,0,0,0,0,0,0,0,0,0,0,0,0,0,0,0,0,0,0,0,0,0,0,0,0,0,0,0,0,0,1,0,3,0,0,0,1,3,0,0,0,0,0,0,0,0,0,0,0,0,0,0,0,0,0,0,0,1,0,0,0,0,0,5,0,0,0,0,0,0,0,0,0,0,0,0,0,0,0,0,0,0,0,0,0,0,0,0,0,0,0,0,0,0,0,0,0,0,0,0
103,28108,Pedrezuela,40.745289,-3.602117,5892,2936,2956,92829.98,71199,1512,913,288,1.7,3147,0,130,4.87,270.62,0,0,0,0,0,0,0,0,0,0,0,0,0,0,0,0,0,0,0,0,0,0,0,0,0,0,0,0,0,6,0,0,0,0,0,1,0,1,0,2,2,1,2,1,0,0,0,0,4,0,1,1,0,0,1,0,0,0,0,0,0,1,1,1,0,1,0,0,0,0,0,0,0,0,0,0,0,0,0,1,0,0,0,0,0,0,0,0,0,0,1,0,1,0,0,0,0,1,0,0,0,0,0,0,0,0,1,0,4,1,0,0,0,0,0,0,1,0,0,0,0,0,0,0,1,0,0,0,0,0,0,0,0,0,0,0,0,0,0,5,9,8,7,13,18,10,6,2,2,2,33,43,20,33,35,22,21,15,12,11,39
104,28109,Pelayos de la Presa,40.360527,-4.333425,2596,1316,1280,32992.86,36209,688,217,215,3.85,1267,3,108,3.55,284.85,0,0,0,0,0,0,0,0,0,0,0,0,0,0,0,0,0,0,0,0,0,0,0,6,0,0,2,1,0,1,0,0,0,0,1,0,0,2,1,0,0,1,0,0,0,0,0,0,0,0,0,0,0,0,1,0,0,0,0,0,0,0,0,0,0,0,0,0,1,0,1,0,0,0,0,0,0,0,0,0,0,0,0,0,0,0,0,0,0,0,0,0,0,0,0,0,0,0,0,0,0,0,0,0,0,0,0,0,0,0,0,0,0,0,0,0,0,0,0,0,0,0,0,1,0,1,0,0,0,0,0,0,0,5,5,0,0,0,0,0,8,4,0,5,9,6,7,0,2,0,2,3,8,14,12,6,4,0,0,0,0
105,28110,Perales de Tajuña,40.232572,-3.351726,2935,1480,1455,35226.97,46257,984,293,249,3.41,1543,2,128,3.98,233.49,0,0,0,0,0,0,0,0,0,0,0,0,0,0,0,0,0,0,0,0,0,0,0,0,0,0,0,0,0,0,0,0,0,0,0,0,0,0,0,0,6,0,0,0,0,1,0,0,0,0,0,0,0,0,0,0,0,0,0,0,0,0,1,0,0,0,0,0,0,1,1,0,0,0,0,0,0,0,0,0,0,0,0,0,0,0,0,0,0,0,0,0,1,0,0,0,0,0,0,0,0,0,0,0,0,0,0,0,0,0,0,0,0,0,0,1,0,0,0,0,0,0,0,0,0,0,0,0,0,0,0,0,0,0,0,0,5,4,0,0,5,6,3,6,12,7,2,0,0,0,0,0,3,8,17,14,7,8,6,4,3
106,28111,Pezuela de las Torres,40.418206,-3.177086,842,449,393,10284.29,11793,282,26,35,11.88,461,0,29,3.31,274.06,0,0,0,0,0,0,0,0,0,0,0,0,0,0,0,0,0,0,0,0,0,0,0,0,0,0,0,0,0,0,0,0,0,0,0,0,0,0,0,0,0,0,0,0,0,0,0,0,0,0,0,0,0,0,0,0,0,0,0,0,0,0,0,0,0,0,0,0,0,0,0,0,0,0,0,0,0,0,0,0,0,0,0,0,0,0,0,0,0,0,0,0,0,0,0,0,0,0,0,0,0,0,0,0,0,0,0,0,0,0,0,0,0,0,0,0,0,0,0,0,0,0,0,0,0,0,0,0,0,0,0,0,0,0,0,0,0,0,0,0,0,0,0,3,3,0,0,0,0,0,0,0,0,0,0,2,3,0,0,3,6
107,28112,Pinilla del Valle,40.926195,-3.818468,191,109,82,2331.98,2709,62,0,11,52.36,90,2,9,4.22,245.99,0,0,0,0,0,0,0,0,0,0,0,0,0,0,0,0,0,0,0,0,0,0,0,0,0,0,0,0,0,0,0,0,0,0,0,0,0,0,0,0,0,0,0,0,0,0,0,0,0,0,0,0,0,0,0,0,0,0,0,0,0,0,0,0,0,0,0,0,0,0,0,0,0,0,0,0,0,0,0,0,0,0,0,0,0,0,0,0,0,0,0,0,0,0,0,0,0,0,0,0,0,0,0,0,0,0,0,0,0,0,0,0,0,0,0,0,0,0,0,0,0,0,0,0,0,0,0,0,0,0,0,0,0,0,0,0,0,0,0,0,0,0,0,0,0,0,0,0,0,0,0,0,0,0,0,0,0,0,0,0,0
108,28113,Pinto,40.240985,-3.700507,52526,25964,26562,777296.57,1510154,18558,13181,3042,2.86,28223,14,1990,10.83,144.78,0,0,0,0,0,0,0,0,0,0,0,0,0,6,5,1,7,0,4,8,6,5,7,5,4,4,17,6,14,7,5,1,1,3,9,9,6,1,1,2,0,12,4,12,4,1,0,0,3,6,3,5,0,1,6,4,2,9,4,0,0,12,11,5,0,1,3,0,5,11,2,1,0,0,0,3,5,2,1,4,0,0,2,4,2,1,4,0,1,3,2,0,1,1,1,0,1,5,5,2,1,2,1,1,0,3,2,0,7,1,2,1,5,0,4,4,1,2,1,2,1,2,3,0,0,0,0,0,0,0,0,8,26,33,20,22,34,72,53,20,101,100,123,107,100,72,56,56,38,40,49,58,85,153,208,249,255,194,121,67,45
109,28114,Piñuécar-Gandullas,41.035546,-3.599476,185,95,90,2380.34,4501,56,0,11,0,90,6,10,3.5,327.49,0,0,0,0,0,0,0,0,0,0,0,0,0,0,0,0,0,0,0,0,0,0,0,0,0,0,0,0,0,0,0,0,0,0,0,0,0,0,0,0,0,0,0,0,0,0,0,0,0,0,0,0,0,0,0,0,0,0,0,0,0,0,0,0,0,0,0,0,0,0,0,0,0,0,0,0,0,0,0,0,0,0,0,0,0,0,0,0,0,0,0,0,0,0,0,0,0,0,0,0,0,0,0,0,0,0,0,0,0,0,0,0,0,0,0,0,0,0,0,0,0,0,0,0,0,0,0,0,0,0,0,0,0,0,0,0,0,0,0,0,0,0,0,0,0,0,0,0,0,0,0,0,0,0,0,0,0,0,0,0,0
110,28115,Pozuelo de Alarcón,40.434653,-3.814834,86422,41354,45068,3122152.02,5200601,36444,25721,2243,3.36,55280,10,3206,16.8,294.14,0,0,0,0,0,0,0,0,6,4,0,0,4,7,10,10,7,8,12,13,25,34,20,29,11,13,28,16,19,23,23,1,7,8,11,3,11,11,6,7,11,16,14,6,2,6,2,24,27,12,19,30,10,2,36,26,22,20,6,3,2,21,11,14,5,0,1,2,4,11,4,2,3,2,3,0,4,21,1,0,1,0,6,4,4,1,4,1,0,7,4,1,3,4,0,0,0,18,0,0,1,1,1,0,0,1,0,0,0,1,0,4,1,2,1,0,1,2,4,1,2,0,2,1,4,0,0,0,0,6,26,45,44,45,40,24,19,98,89,29,215,190,183,135,130,118,110,89,76,88,131,154,165,277,369,432,390,320,262,186,139
111,28116,Pozuelo del Rey,40.366406,-3.320008,1147,603,544,15868.44,10239,170,26,74,8.72,736,1,24,3.54,240.18,0,0,0,0,0,0,0,0,0,0,0,0,0,0,0,0,0,0,0,0,0,0,0,0,0,0,0,0,0,0,0,0,0,0,0,0,0,0,0,0,0,0,0,0,0,0,0,0,0,0,0,0,0,0,0,0,0,0,0,0,0,0,0,0,0,0,0,0,0,0,0,0,0,0,0,0,0,0,0,0,0,0,0,0,0,0,0,0,0,0,0,0,0,0,0,0,0,0,0,0,0,0,0,0,0,0,0,0,0,0,0,0,0,0,0,0,0,0,0,0,0,0,0,0,0,0,0,0,0,0,0,0,0,0,0,0,0,0,0,0,0,0,0,0,0,0,0,0,0,3,0,3,4,3,4,5,6,4,0,0,0
112,28117,Prádena del Rincón,41.043941,-3.540765,117,65,52,1752.75,4309,41,0,3,0,63,6,6,4,350.43,0,0,0,0,0,0,0,0,0,0,0,0,0,0,0,0,0,0,0,0,0,0,0,0,0,0,0,0,0,0,0,0,0,0,0,0,0,0,0,0,0,0,0,0,0,0,0,0,0,0,0,0,0,0,0,0,0,0,0,0,0,0,0,0,0,0,0,0,0,0,0,0,0,0,0,0,0,0,0,0,0,0,0,0,0,0,0,0,0,0,0,0,0,0,0,0,0,0,0,0,0,0,0,0,0,0,0,0,0,0,0,0,0,0,0,0,0,0,0,0,0,0,0,0,0,0,0,0,0,0,0,0,0,0,0,0,0,0,0,0,0,0,0,0,0,0,0,0,0,0,0,0,0,0,0,0,0,0,0,0,0
113,28118,Puebla de la Sierra,41.012125,-3.444437,65,38,27,697.33,2892,25,0,5,0,34,6,4,4.25,250,0,0,0,0,0,0,0,0,0,0,0,0,0,0,0,0,0,0,0,0,0,0,0,0,0,0,0,0,0,0,0,0,0,0,0,0,0,0,0,0,0,0,0,0,0,0,0,0,0,0,0,0,0,0,0,0,0,0,0,0,0,0,0,0,0,0,0,0,0,0,0,0,0,0,0,0,0,0,0,0,0,0,0,0,0,0,0,0,0,0,0,0,0,0,0,0,0,0,0,0,0,0,0,0,0,0,0,0,0,0,0,0,0,0,0,0,0,0,0,0,0,0,0,0,0,0,0,0,6,0,0,0,0,0,0,0,0,0,0,0,0,0,0,0,0,0,0,0,0,0,0,0,0,0,0,0,0,2,4,3,0
114,28119,Quijorna,40.429083,-4.056538,3439,1720,1719,52185.33,32649,1068,235,163,2.91,1977,0,61,4.25,254.39,0,0,0,0,0,0,0,0,0,0,0,0,0,0,0,0,0,0,0,0,0,0,0,0,0,6,0,0,0,0,0,0,0,0,2,1,2,0,0,0,0,1,0,0,0,0,0,2,1,1,0,1,0,1,2,0,0,1,0,0,0,0,0,1,0,0,0,0,0,0,0,0,0,0,0,0,0,0,0,0,0,0,0,0,0,0,1,3,6,0,1,0,0,0,0,0,0,0,0,0,0,0,0,0,0,0,0,0,0,0,0,1,0,1,0,0,0,0,0,0,0,0,0,0,0,0,0,0,0,0,0,0,0,0,0,0,0,0,0,0,6,7,8,6,5,6,8,11,7,2,5,9,6,20,27,26,27,14,5,4,4
115,28120,Rascafría,40.903907,-3.880342,1664,918,746,23826.55,34716,571,123,74,6.01,885,19,125,4.01,358.39,0,0,0,0,0,0,0,0,0,0,0,0,0,0,0,0,0,0,0,0,0,0,0,0,0,0,0,0,0,0,0,0,0,0,0,0,0,0,0,0,0,0,0,0,0,0,0,0,0,0,0,0,0,0,0,0,0,0,0,0,0,0,0,0,0,0,0,0,0,6,0,0,0,0,0,0,0,0,0,0,0,0,0,0,0,0,0,1,0,0,0,0,0,0,0,0,0,0,0,0,0,0,0,0,0,0,0,0,0,0,0,0,0,0,0,0,0,0,0,0,0,0,0,0,0,1,0,0,0,0,0,0,0,0,0,0,0,0,0,0,3,2,0,3,2,3,2,0,0,0,0,0,0,0,4,11,14,9,3,0,0
116,28121,Redueña,40.816253,-3.604498,260,141,119,3630.66,15066,86,16,10,38.46,171,0,14,6.43,222.67,0,0,0,0,0,0,0,0,0,0,0,0,0,0,0,0,0,0,0,0,0,0,0,0,0,0,0,0,0,0,0,0,0,0,0,0,0,0,0,0,0,0,0,0,0,0,0,0,0,0,0,0,0,0,0,0,0,0,0,0,0,0,0,0,0,0,0,0,0,0,0,0,0,0,0,0,0,0,0,0,0,0,0,0,0,0,0,0,0,0,0,0,0,0,0,0,0,0,0,0,0,0,0,0,0,0,0,0,0,0,0,0,0,0,0,0,0,0,0,0,0,0,0,0,0,0,0,0,0,0,0,0,0,0,0,0,0,0,0,0,0,0,0,0,0,0,0,0,0,0,0,0,0,0,0,0,0,0,0,0,0
117,28122,Ribatejada,40.666495,-3.391918,783,399,384,10522.84,10591,212,57,54,12.77,384,2,18,2.94,281.87,0,0,0,0,0,0,0,0,0,0,0,0,0,0,0,0,0,0,0,0,0,0,0,0,0,0,0,0,0,0,0,0,0,0,0,0,0,0,0,0,0,0,0,0,0,0,0,0,0,0,0,0,0,0,0,0,0,0,0,0,0,0,0,0,0,0,0,0,0,0,0,0,0,0,0,0,0,0,0,0,0,0,0,0,0,0,0,0,0,0,0,0,0,0,0,0,0,0,0,0,0,0,0,0,0,0,0,0,0,0,0,0,0,0,0,0,0,0,0,0,0,0,0,0,0,0,0,0,0,0,0,0,0,0,0,0,0,0,0,0,0,0,0,0,0,0,0,0,0,0,0,0,0,0,0,0,0,7,8,2,0
118,28123,Rivas-Vaciamadrid,40.353939,-3.530625,88150,43696,44454,1535960.08,1716880,26240,20228,3815,2.5,51057,2,2125,7.38,189.53,0,0,0,0,0,0,0,0,0,0,0,6,2,3,8,4,3,2,7,12,9,3,4,21,11,6,22,33,25,54,9,1,4,7,37,28,12,26,12,13,11,26,6,6,11,0,1,6,10,7,6,7,13,1,2,5,4,8,7,1,1,2,0,3,4,1,0,0,1,0,11,3,5,0,0,2,2,1,1,3,1,0,2,1,5,3,0,0,0,0,0,0,4,1,1,1,1,7,0,0,2,2,0,1,2,0,2,0,1,0,1,2,4,1,3,3,1,3,3,2,4,0,2,1,4,1,0,0,7,6,8,11,51,79,92,87,75,89,136,75,164,154,142,126,121,117,93,80,72,78,109,135,163,267,353,380,372,295,192,120,96
119,28124,Robledillo de la Jara,40.952468,-3.522555,80,44,36,1391.96,2580,25,0,4,0,47,4,8,3.5,321.84,0,0,0,0,0,0,0,0,0,0,0,0,0,0,0,0,0,0,0,0,0,0,0,0,0,0,0,0,0,0,0,0,0,0,0,0,0,0,0,0,0,0,0,0,0,0,0,0,0,0,0,0,0,0,0,0,0,0,0,0,0,0,0,0,0,0,0,0,0,0,0,0,0,0,0,0,0,0,0,0,0,0,0,0,0,0,0,0,0,0,0,0,0,0,0,0,0,0,0,0,0,0,0,0,0,0,0,0,0,0,0,0,0,0,0,0,0,0,0,0,0,0,0,0,0,0,0,0,0,0,0,0,0,0,0,0,0,0,0,0,0,2,3,0,0,0,0,0,0,0,0,0,0,0,0,0,0,0,0,0,0
120,28125,Robledo de Chavela,40.50092,-4.2381,4270,2213,2057,59842.84,59783,1293,601,251,4.68,2153,13,149,4.25,280.36,0,0,0,0,0,0,0,0,0,0,0,0,0,0,0,0,0,0,0,0,0,0,0,0,0,0,0,0,0,0,0,0,0,0,0,6,1,2,0,1,1,0,0,0,2,0,0,0,1,3,1,0,0,2,1,2,0,0,0,0,0,0,0,0,0,0,0,0,1,3,0,0,0,0,0,0,0,2,0,0,0,0,0,0,0,0,0,0,0,0,0,0,0,0,0,0,0,0,0,0,0,0,0,0,0,0,2,0,1,0,0,0,0,0,0,0,0,0,0,0,0,0,0,0,0,0,0,0,0,0,0,0,0,0,0,0,0,0,0,0,12,5,6,9,3,5,9,5,0,0,0,2,3,7,14,19,11,11,7,0,0
121,28126,Robregordo,41.106452,-3.593747,58,35,23,606.89,2479,18,0,3,0,31,1,5,2,916.67,0,0,0,0,0,0,0,0,0,0,0,0,0,0,0,0,0,0,0,0,0,0,0,0,0,0,0,0,0,0,0,0,0,0,0,0,0,0,0,0,0,0,0,0,0,0,0,0,0,0,0,0,0,0,0,0,0,0,0,0,0,0,0,0,0,0,0,0,0,0,0,0,0,0,0,0,0,0,0,0,0,0,0,0,0,0,0,0,0,0,0,0,0,0,0,0,0,0,0,0,0,0,0,0,0,0,0,0,0,0,0,0,0,0,0,0,0,0,0,0,0,0,0,0,0,0,0,0,0,0,0,0,0,0,0,0,0,0,0,0,0,0,0,0,0,0,0,0,0,0,0,0,0,0,0,0,0,0,0,0,0
122,28127,Las Rozas de Madrid,40.49331,-3.87584,95814,46285,49529,2582122.47,4082022,38381,26043,2963,3.03,58244,10,3787,11.02,260.84,0,0,0,0,0,0,0,0,0,0,6,4,0,2,8,10,7,9,3,10,10,19,12,26,7,14,18,21,20,22,10,0,1,7,41,8,25,11,55,21,42,10,5,5,4,8,1,25,16,14,29,19,10,0,26,8,14,11,10,6,10,16,10,10,6,2,1,2,12,5,13,12,0,1,0,0,2,11,8,3,8,0,6,5,2,2,1,0,1,1,2,3,1,2,1,0,3,5,5,0,0,0,2,1,2,3,1,1,0,1,2,2,1,6,2,2,1,0,1,2,3,2,0,2,2,2,0,0,0,8,24,32,45,41,28,26,21,109,72,35,159,193,217,189,173,141,121,106,116,124,146,146,159,307,394,434,427,327,245,175,115
123,28128,Rozas de Puerto Real,40.308759,-4.492386,530,306,224,6670.69,26768,116,125,21,18.87,243,4,19,4.79,244.78,0,0,0,0,0,0,0,0,0,0,0,0,0,0,0,0,0,0,0,0,0,0,0,0,0,0,0,0,0,0,0,0,0,0,0,0,0,0,0,0,0,0,0,0,0,0,0,0,0,0,0,0,0,0,0,0,0,0,0,0,0,0,0,0,0,0,0,0,0,0,0,0,0,0,0,0,0,0,0,0,0,0,0,0,0,0,0,0,0,0,0,0,0,0,0,0,0,0,0,0,0,0,0,0,0,0,0,0,0,0,0,0,0,0,0,0,0,0,0,0,0,0,0,0,0,0,0,0,0,0,0,0,0,0,0,0,0,0,0,0,0,0,0,0,0,0,0,0,0,0,0,0,0,0,0,4,3,0,0,0,0
124,28129,San Agustín del Guadalix,40.679051,-3.6166,13379,6565,6814,295175.74,321200,4030,2268,497,1.49,7588,3,355,12.04,207.11,0,0,0,0,0,0,0,0,0,0,0,0,0,0,0,0,0,0,0,0,0,0,6,0,0,3,1,1,1,2,2,0,0,0,0,1,0,1,2,3,3,4,2,0,2,5,3,0,0,1,6,2,0,0,0,2,0,2,0,0,0,0,2,0,0,0,1,0,1,1,0,0,0,1,1,0,0,0,0,0,0,0,0,1,0,0,0,16,0,1,2,0,0,0,1,0,0,2,0,0,0,0,0,0,0,0,0,1,0,0,0,0,0,0,0,0,0,0,0,0,0,0,0,0,0,0,0,0,0,7,5,0,8,0,0,9,8,11,6,0,27,22,25,34,28,23,14,7,10,10,10,16,25,65,68,73,87,66,44,42,32
125,28130,San Fernando de Henares,40.424855,-3.535037,39432,19180,20252,585476.14,1679350,16651,8323,2158,2.79,23070,5,1809,9.34,169.06,0,0,0,0,0,0,0,0,0,0,0,0,6,1,2,2,5,0,11,0,8,10,6,20,6,13,22,6,14,23,15,0,2,5,16,11,13,19,8,7,5,10,18,3,10,1,3,7,21,16,3,6,2,1,4,4,1,0,0,0,0,24,8,5,2,0,0,2,0,0,5,1,1,0,0,0,0,1,1,2,0,0,1,4,3,0,0,0,0,0,1,2,4,0,0,0,1,3,0,0,0,1,0,0,2,2,0,0,0,0,1,1,0,1,1,0,0,1,0,0,2,1,0,1,0,0,0,0,0,0,5,17,27,27,21,26,30,66,66,35,69,64,80,71,46,56,52,36,24,33,56,91,134,189,208,264,299,205,109,62,47
126,28131,San Lorenzo de El Escorial,40.592667,-4.147164,18369,8803,9566,329945.98,337691,6959,5743,850,3.27,10084,10,782,5.65,271.51,0,0,0,0,0,0,0,0,0,0,0,0,0,0,0,0,0,6,1,3,0,5,2,1,0,2,6,3,4,1,2,0,0,0,4,6,1,0,1,1,3,1,6,1,2,1,0,4,10,4,5,3,3,2,7,6,8,2,3,0,0,3,1,4,0,0,0,0,5,5,0,0,1,0,0,0,0,1,0,2,1,0,0,1,0,1,0,1,0,1,0,0,1,0,0,0,0,1,0,0,0,0,0,0,0,0,0,0,0,0,0,0,0,0,1,0,0,0,0,1,0,0,0,0,0,0,0,0,0,0,0,0,5,7,11,7,6,7,0,0,27,52,54,30,29,24,23,10,8,5,11,26,28,36,71,84,72,76,64,39,20
127,28132,San Martín de la Vega,40.211046,-3.577181,19170,9808,9362,249434.19,398886,5933,4350,1264,2.09,10803,8,713,5.09,137.14,0,0,0,0,0,0,0,0,0,0,0,0,0,0,0,0,0,6,2,1,3,0,2,3,3,3,2,2,11,4,0,0,0,0,0,5,3,1,2,2,3,0,0,0,3,2,0,2,0,0,2,2,1,2,3,0,1,4,1,0,0,2,1,0,2,0,0,0,2,4,0,0,0,0,0,0,0,0,0,0,0,2,0,1,1,0,3,0,0,0,0,0,0,0,0,0,0,0,0,1,0,0,0,0,0,1,0,1,0,0,1,0,0,0,0,0,0,1,3,0,0,1,0,0,1,1,0,0,0,0,9,0,35,29,0,5,14,20,22,11,34,35,33,36,33,33,24,17,14,16,21,32,30,49,89,111,155,132,59,39,22
128,28133,San Martín de Valdeiglesias,40.3625,-4.39865,8459,4204,4255,109958.24,134918,2774,2721,593,3.55,4359,9,406,4.68,206.06,0,0,0,0,0,0,0,0,0,0,0,0,0,0,7,1,3,0,3,1,0,0,0,2,0,0,3,5,0,5,0,0,0,0,4,0,1,7,1,2,3,0,0,1,1,2,1,0,1,7,4,1,0,1,2,3,3,1,0,2,0,1,3,3,0,0,1,1,0,0,1,0,1,0,0,0,0,1,0,0,1,1,1,1,1,0,0,1,0,1,1,0,0,2,0,0,3,0,0,0,0,0,0,0,0,0,0,0,0,0,1,0,0,0,0,0,0,0,0,0,0,0,1,0,0,0,0,0,0,0,0,0,0,0,0,0,0,11,5,0,9,7,11,27,31,17,18,11,7,13,16,16,10,21,29,37,58,42,12,8,10
129,28134,San Sebastián de los Reyes,40.54737,-3.626059,89276,43550,45726,1634361.7,3193508,32476,18327,3774,2.8,50115,10,3695,11.83,207.66,0,0,0,0,0,0,0,0,0,0,0,0,0,0,7,1,9,9,1,1,10,3,7,7,3,10,5,7,8,32,35,1,1,4,9,19,18,11,7,17,22,24,15,6,20,14,14,5,16,7,9,11,6,2,10,10,2,3,5,3,2,4,4,5,4,0,0,0,6,2,3,3,2,0,0,0,3,3,0,1,0,0,2,1,4,2,1,15,12,2,12,14,1,0,2,0,2,9,0,0,7,1,0,2,0,0,2,0,15,3,0,0,14,1,0,2,0,2,4,2,1,0,2,2,3,3,0,0,6,8,17,26,62,61,38,25,34,122,99,39,164,137,180,178,144,136,128,120,95,106,179,211,225,328,379,448,494,448,339,218,168
130,28135,Santa María de la Alameda,40.59572,-4.257913,1254,665,589,14434.57,24292,407,0,89,7.97,707,9,42,2.6,386.63,0,0,0,0,0,0,0,0,0,0,0,0,0,0,0,0,0,0,0,0,0,0,0,0,0,0,0,0,0,0,0,0,0,0,0,0,0,0,0,0,0,0,0,0,0,0,0,0,0,0,0,0,0,0,0,0,0,0,0,0,0,0,0,0,6,0,0,0,0,0,0,0,0,0,0,0,0,0,0,0,0,0,0,0,0,0,0,0,0,0,0,0,0,0,0,0,0,0,0,0,0,0,0,0,0,0,0,0,0,0,0,0,0,1,0,0,0,0,0,0,0,0,0,0,0,0,0,0,0,0,0,0,0,0,0,0,0,0,0,0,3,0,0,0,0,0,0,0,0,0,0,0,0,2,3,5,6,2,0,0,0
131,28136,Santorcaz,40.471579,-3.233559,886,467,419,11662.7,6234,316,0,39,11.29,528,1,28,2.14,309.41,0,0,0,0,0,0,0,0,0,0,0,0,0,0,0,0,0,0,0,0,0,0,0,0,0,0,6,0,0,0,0,0,0,0,0,1,0,0,0,0,1,0,0,0,0,0,0,0,0,0,0,0,0,0,0,0,0,0,0,0,0,0,0,0,0,0,0,0,0,0,0,0,0,0,0,0,0,0,0,0,0,0,0,0,0,0,0,0,0,0,0,0,0,0,0,0,0,0,0,0,0,0,0,0,0,0,0,0,0,0,0,0,0,0,0,0,0,0,0,0,0,0,0,0,0,0,0,0,0,0,0,0,0,0,0,0,0,0,0,0,0,0,0,2,3,2,0,0,0,0,0,0,0,0,0,0,0,0,0,0,0
132,28137,Los Santos de la Humosa,40.501296,-3.25668,2590,1320,1270,35473.22,24356,705,372,128,3.86,1465,2,54,2.91,258.46,0,0,0,0,0,0,0,0,0,0,0,6,0,2,0,0,0,0,0,0,2,0,0,0,1,1,0,1,0,0,0,0,0,0,0,0,1,2,0,1,0,0,0,0,1,0,0,0,0,0,0,0,1,0,0,0,0,0,0,0,0,0,0,1,0,0,0,0,0,0,0,0,0,0,0,0,0,0,0,0,0,0,0,0,0,0,0,0,0,0,0,0,0,0,0,0,0,0,0,0,0,1,0,0,0,0,0,0,0,0,0,0,0,0,0,0,0,0,0,0,0,0,0,0,0,0,0,0,0,0,0,0,0,0,0,0,0,0,0,0,0,3,0,0,2,0,0,0,0,0,0,0,0,3,6,9,14,17,10,4,3
133,28138,La Serna del Monte,41.030401,-3.62527,81,42,39,923.74,2196,34,0,13,0,58,6,12,2.33,472.97,0,0,0,0,0,0,0,0,0,0,0,0,0,0,0,0,0,0,0,0,0,0,0,0,0,0,0,0,0,0,0,0,0,0,0,0,0,0,0,0,0,0,0,0,0,0,0,0,0,0,0,0,0,0,0,0,0,0,0,0,0,0,0,0,0,0,0,0,0,0,0,0,0,0,0,0,0,0,0,0,0,0,0,0,0,0,0,0,0,0,0,0,0,0,0,0,0,0,0,0,0,0,0,0,0,0,0,0,0,0,0,0,0,0,0,0,0,0,0,0,0,0,0,0,0,0,0,0,0,0,0,0,0,0,0,0,0,0,0,0,0,0,0,0,0,0,0,0,0,0,0,0,0,0,2,0,0,0,0,0,0
134,28140,Serranillos del Valle,40.204451,-3.885199,4165,2060,2105,59615.07,76025,1384,470,220,2.4,2636,0,147,4.13,218.15,0,0,0,0,0,0,0,0,0,0,0,0,0,0,0,0,0,0,0,0,0,0,0,7,1,0,0,2,3,1,0,0,0,1,0,0,2,0,0,1,2,0,1,0,1,1,2,0,1,1,0,0,0,0,0,0,0,0,1,1,0,0,0,2,0,0,0,0,1,1,0,0,0,0,0,0,0,0,0,1,0,0,0,0,0,0,0,1,0,0,0,0,0,0,2,0,0,1,0,0,0,0,0,0,0,0,0,0,0,0,0,0,0,0,1,0,0,0,0,0,0,0,0,0,0,0,0,0,0,0,0,0,0,0,0,0,0,7,0,0,7,10,5,0,0,0,4,6,4,4,11,10,5,13,23,30,26,17,8,4,3
135,28141,Sevilla la Nueva,40.347542,-4.027527,9318,4546,4772,146005.62,135662,3368,2286,449,1.07,5376,1,301,5.13,203.41,0,0,0,0,0,0,0,0,0,0,0,0,0,0,0,0,0,0,0,0,0,0,0,6,1,0,0,2,0,0,0,0,0,1,2,2,1,2,2,1,0,2,3,3,0,6,0,9,0,5,19,3,1,0,3,3,0,1,1,6,2,0,0,5,3,4,24,0,2,1,0,1,0,2,0,0,0,1,1,0,0,0,7,0,0,0,0,0,0,0,1,1,3,0,2,0,0,3,4,2,0,0,0,1,0,0,0,0,0,0,0,1,0,0,0,4,0,0,0,1,0,0,0,0,0,0,0,0,0,0,0,0,0,0,0,0,0,0,0,0,13,9,5,16,20,12,16,20,16,11,13,10,12,25,32,29,33,29,25,21,19
136,28143,Somosierra,41.133207,-3.581478,86,50,36,775.26,2555,29,0,2,0,47,3,9,3.78,387.5,0,0,0,0,0,0,0,0,0,0,0,0,0,0,0,0,0,0,0,0,0,0,0,0,0,0,0,0,0,0,0,0,0,0,0,0,0,0,0,0,0,0,0,0,0,0,0,0,0,0,0,0,0,0,0,0,0,0,0,0,0,0,0,0,0,0,0,0,0,0,0,0,0,0,0,0,0,0,0,0,0,0,0,0,0,0,0,0,0,0,0,0,0,0,0,0,0,0,0,0,0,0,0,0,0,0,0,0,0,0,0,0,0,0,0,0,0,0,0,0,0,0,0,0,0,0,0,0,0,0,0,0,0,0,0,0,0,0,0,0,0,0,0,0,0,0,0,0,0,0,0,0,0,0,0,0,0,0,0,0,0
137,28144,Soto del Real,40.753443,-3.786657,8799,4302,4497,170112.6,181796,3316,3026,318,3.41,5060,5,288,5.47,279.16,0,0,0,0,0,0,0,0,0,0,0,0,0,0,0,0,0,0,0,0,0,0,0,0,7,2,7,0,4,4,1,0,1,2,1,0,1,5,2,5,2,4,1,0,0,0,0,0,5,0,0,3,2,0,0,0,0,1,0,0,1,2,0,0,0,0,0,0,0,2,0,0,0,0,0,0,0,0,0,0,0,0,0,0,0,0,0,0,0,0,0,1,0,0,0,0,0,4,1,0,0,0,2,0,1,1,0,0,0,1,0,0,0,0,0,0,1,0,1,0,0,0,0,0,0,0,0,0,0,0,0,0,0,0,0,0,0,7,0,0,13,8,10,9,10,8,8,5,6,13,15,11,12,24,36,58,65,41,21,18,25
138,28145,Talamanca de Jarama,40.746026,-3.512991,3857,1906,1951,51761.64,48723,920,564,191,2.59,1980,1,88,5.08,266.85,0,0,0,0,0,0,0,0,0,0,0,0,0,0,0,0,0,0,0,0,0,0,0,0,0,0,0,0,0,6,0,0,0,0,1,1,4,2,0,2,0,1,1,1,1,0,0,1,0,0,0,2,0,0,1,0,0,1,0,0,0,0,0,1,0,1,0,0,0,2,0,0,0,0,0,0,0,0,0,0,0,0,0,0,0,0,0,27,4,1,0,0,0,0,0,0,1,0,0,0,0,0,0,0,0,0,0,1,0,0,0,0,0,0,0,0,0,0,0,0,3,0,0,0,0,0,0,0,0,0,0,0,0,0,0,0,0,0,0,0,0,7,13,9,4,4,5,3,0,0,4,4,22,44,32,22,21,18,9,3,0
139,28146,Tielmes,40.246501,-3.313621,2650,1353,1297,31520.21,38956,804,443,190,3.77,1336,3,101,6.12,228.11,0,0,0,0,0,0,0,0,0,0,0,0,0,0,0,0,0,0,0,0,0,0,0,0,0,0,0,0,0,21,0,0,0,1,4,0,0,0,0,0,4,0,0,0,0,0,0,1,0,0,0,1,0,0,1,0,0,1,0,0,0,0,0,0,0,0,1,0,0,0,0,0,0,0,0,0,0,0,0,0,0,0,0,0,0,0,0,0,0,1,0,0,0,0,1,0,0,0,0,0,0,0,0,0,0,0,1,0,0,0,0,0,0,0,0,0,0,0,0,0,0,1,0,1,0,0,0,0,0,0,0,0,5,6,0,0,0,6,5,0,5,4,7,6,8,7,3,0,0,0,0,0,0,5,12,18,21,14,8,7,4
140,28147,Titulcia,40.137915,-3.570998,1313,686,627,16978.56,15596,396,166,81,7.62,791,2,40,3.4,282.98,0,0,0,0,0,0,0,0,0,0,0,0,0,0,0,0,0,0,0,0,0,0,0,0,0,0,0,0,0,0,0,0,0,0,0,0,0,0,0,0,0,0,0,0,0,0,0,0,0,0,6,0,1,0,0,0,0,0,0,0,0,0,0,0,0,0,1,0,0,1,0,0,0,0,0,0,0,0,0,0,0,0,0,0,0,0,0,0,0,0,0,0,0,0,0,0,0,0,0,0,0,0,0,0,0,0,0,0,0,0,1,0,0,0,0,0,0,0,0,0,0,0,0,0,0,0,0,0,0,0,0,0,0,0,0,0,0,0,0,0,2,3,4,3,0,0,0,0,0,0,4,6,10,23,17,8,9,3,0,0,0
141,28148,Torrejón de Ardoz,40.458777,-3.479334,131376,64749,66627,1848499.88,2965357,47674,26585,7746,2.66,69191,22,3932,7.39,137.25,0,0,0,0,0,17,4,5,9,12,11,18,17,22,14,2,30,31,20,30,11,9,47,28,31,46,12,27,12,77,3,1,1,6,29,30,25,64,9,27,32,0,6,17,12,3,1,15,20,2,9,18,14,0,11,5,6,0,6,3,0,3,8,5,2,2,4,1,5,1,1,5,1,4,0,2,1,11,10,3,1,0,0,3,7,1,0,2,0,4,4,2,2,0,0,0,5,15,0,4,5,0,26,4,1,1,0,26,1,1,1,5,0,2,0,1,2,4,4,5,1,1,1,1,2,7,0,0,0,18,79,85,156,122,21,23,31,356,168,51,239,299,286,187,167,141,111,87,67,66,108,128,145,298,520,622,638,658,513,352,240
142,28149,Torrejón de la Calzada,40.20068,-3.79933,8872,4385,4487,127376.89,216763,2613,2366,426,2.25,5156,0,374,6.8,174.55,0,0,0,0,0,0,0,0,0,0,0,0,0,0,0,0,0,0,0,0,0,0,6,1,2,0,1,0,1,1,0,0,0,0,1,0,0,3,0,0,2,0,2,0,0,2,0,0,6,1,2,1,0,0,1,0,1,1,0,1,0,0,1,1,0,0,0,0,2,0,0,0,0,0,0,0,0,0,0,1,0,0,0,0,1,0,0,0,0,0,1,0,1,0,0,0,0,0,0,0,0,0,0,0,0,0,0,0,0,0,0,0,0,0,0,0,0,0,0,0,0,0,0,0,0,0,0,0,0,0,0,5,7,8,0,0,0,15,6,0,20,17,14,12,17,16,19,36,24,14,14,10,14,25,22,31,40,28,13,6,5
143,28150,Torrejón de Velasco,40.18724,-3.777025,4382,2181,2201,60746.68,76969,1639,1133,203,2.28,2575,2,155,4.21,216.15,0,0,0,0,0,0,0,0,0,0,0,0,0,0,0,0,0,0,0,0,0,0,0,6,0,0,1,0,2,0,0,0,0,0,1,1,2,0,0,1,1,0,0,0,0,0,0,0,0,2,0,1,0,0,0,0,0,0,0,0,0,1,1,0,0,0,0,1,0,0,0,0,0,1,0,0,0,0,0,0,0,0,0,1,0,0,0,0,0,0,1,0,0,0,0,0,0,0,0,0,0,0,0,0,0,1,0,0,1,0,0,0,0,0,0,0,0,0,0,0,0,1,0,0,0,0,0,0,0,0,0,0,0,0,0,0,0,5,0,6,9,6,3,6,9,6,10,10,4,6,12,12,11,13,12,10,23,27,12,10,9
144,28151,Torrelaguna,40.827727,-3.538293,4760,2388,2372,65290.04,64004,1656,1344,235,2.1,2588,4,178,4.97,253.81,0,0,0,0,0,0,0,0,0,0,0,0,0,0,0,0,0,0,0,0,0,0,0,0,0,0,0,0,0,0,0,0,0,0,0,6,0,1,1,2,1,1,0,0,2,0,0,0,0,0,0,0,0,0,1,0,1,0,1,1,0,0,0,0,0,0,0,0,0,2,0,0,1,0,0,0,1,0,0,0,0,0,0,0,0,0,0,1,0,1,0,0,0,0,0,0,0,0,0,0,0,0,0,0,0,0,3,0,0,0,0,0,0,0,0,0,0,0,0,0,0,1,0,0,0,0,0,0,0,0,0,0,0,0,0,5,5,6,0,0,9,11,15,9,8,10,5,3,3,4,11,10,5,9,9,10,16,17,11,3,2
145,28152,Torrelodones,40.576281,-3.928603,23717,11465,12252,619843.78,451874,8283,6986,729,2.95,14305,3,783,6.75,269.94,0,0,0,0,0,0,0,0,0,0,0,0,0,0,0,8,2,3,2,2,7,4,1,4,1,0,1,1,6,5,3,0,0,2,13,3,5,7,3,2,9,3,3,1,0,0,2,3,5,3,11,7,3,1,11,11,6,4,8,21,25,5,13,2,3,1,2,0,7,2,38,6,1,2,0,5,0,34,0,3,0,0,0,5,0,0,0,0,0,0,1,0,1,0,0,0,0,2,0,1,0,0,1,0,0,2,1,0,0,1,0,1,1,1,0,1,0,0,0,1,1,0,0,1,2,0,0,0,0,0,0,0,9,5,9,11,7,13,10,0,39,32,39,38,36,35,32,23,35,47,47,55,55,106,125,103,73,65,67,49,28
146,28153,Torremocha de Jarama,40.834421,-3.496873,1019,514,505,14413.29,31880,211,103,34,9.81,462,3,32,7.44,235.9,0,0,0,0,0,0,0,0,0,0,0,0,0,0,0,0,0,0,0,0,0,0,0,0,0,0,0,0,0,6,1,0,0,0,1,0,0,0,0,0,0,8,0,0,0,0,0,0,0,0,0,0,0,0,0,0,0,0,0,0,0,0,0,0,0,0,0,0,0,0,0,0,0,0,0,0,0,0,0,0,0,0,0,0,0,0,0,7,0,0,0,0,0,0,0,0,0,0,0,0,1,0,0,0,0,0,0,0,0,0,0,0,0,0,0,0,0,0,0,0,0,0,0,0,0,0,0,0,0,0,0,0,0,0,0,0,0,0,0,0,2,2,0,0,0,0,0,0,0,0,0,0,0,0,0,0,0,0,0,0,0
147,28154,Torres de la Alameda,40.402152,-3.360625,7779,3973,3806,106468.78,212927,2861,2252,515,2.57,4400,1,342,8.24,181.44,0,0,0,0,0,0,0,0,0,0,0,0,0,0,0,0,0,6,0,7,2,0,3,1,8,3,0,2,0,3,0,0,0,0,2,2,3,4,0,1,4,1,4,0,1,0,0,3,3,2,2,2,2,0,0,0,1,1,0,0,0,1,0,1,0,0,1,0,0,0,0,0,0,0,0,0,0,0,0,0,0,0,0,0,0,0,1,1,0,0,0,0,0,1,0,0,0,1,0,0,0,0,0,0,0,0,0,1,0,0,0,0,0,1,0,0,0,0,0,9,0,0,0,0,0,1,0,0,0,0,0,0,0,0,0,0,0,21,11,0,15,17,12,8,12,7,3,3,4,6,6,12,14,12,20,28,28,27,22,15,10
148,28155,Valdaracete,40.210447,-3.194934,609,313,296,7274.72,7452,265,207,64,0,349,1,16,2.94,308.31,0,0,0,0,0,0,0,0,0,0,0,0,0,0,0,0,0,0,0,0,0,0,0,0,0,0,0,0,0,0,0,0,0,0,0,0,0,0,0,0,0,0,0,0,0,0,0,0,0,0,0,0,0,0,0,0,0,0,0,0,0,0,0,0,0,0,0,0,0,0,0,0,0,0,0,0,6,0,0,0,0,0,0,0,0,1,0,0,0,0,0,0,0,0,0,0,0,0,0,0,0,0,0,0,0,0,0,0,0,0,0,0,0,0,0,0,0,0,0,0,0,0,0,0,0,0,0,0,0,0,0,0,0,0,0,0,0,0,0,0,0,3,3,0,0,0,0,0,0,0,0,0,0,0,3,3,0,0,3,0,0
149,28156,Valdeavero,40.631655,-3.333124,1554,806,748,20111.32,20640,440,106,100,6.44,943,1,42,3.6,286.75,0,0,0,0,0,0,0,0,0,0,0,0,0,0,0,0,0,0,0,0,0,0,0,0,0,0,0,0,0,0,0,0,0,0,0,0,6,1,0,0,0,0,0,0,0,0,0,0,0,0,0,0,0,0,0,0,0,0,0,0,0,0,0,0,1,0,0,0,0,0,0,0,0,0,0,0,0,0,0,0,0,0,0,0,0,0,1,0,0,0,0,0,0,0,0,0,0,0,0,0,0,0,0,0,0,0,0,0,0,0,0,0,0,0,0,0,0,0,0,0,0,0,0,1,0,0,0,0,0,0,0,0,0,0,0,0,0,0,0,0,0,0,2,0,0,0,0,0,0,0,3,0,0,4,13,15,6,3,4,0,0
150,28157,Valdelaguna,40.160578,-3.367827,937,469,468,10826.64,11906,269,10,52,10.67,530,6,26,2.85,260.24,0,0,0,0,0,0,0,0,0,0,0,0,0,0,0,0,0,0,0,0,0,0,0,0,0,0,0,0,0,0,0,0,0,0,0,0,0,0,0,0,0,0,0,0,0,0,0,0,0,0,0,0,0,0,0,0,0,0,0,0,0,0,0,0,0,0,0,0,0,0,0,0,0,0,0,0,0,0,0,0,0,0,0,0,0,0,0,0,0,0,0,0,0,0,0,0,0,0,0,0,0,0,0,0,0,0,0,0,0,0,0,0,0,0,0,0,0,0,0,0,0,0,0,0,0,0,0,0,0,0,0,0,0,0,0,0,0,0,0,0,0,4,6,2,0,0,0,2,3,0,0,0,3,0,0,2,4,3,0,2,2
151,28158,Valdemanco,40.873664,-3.663695,914,480,434,13579.34,17312,295,17,43,10.94,504,3,28,2.79,229.77,0,0,0,0,0,0,0,0,0,0,0,0,0,0,0,0,0,0,0,0,0,0,0,0,0,0,0,0,0,0,0,0,0,0,0,0,0,0,0,0,0,0,0,0,0,0,0,0,0,0,0,0,0,0,0,0,0,0,0,0,0,0,0,0,0,0,0,0,0,0,0,0,0,0,0,0,0,0,0,0,0,0,0,0,0,0,0,0,0,0,0,0,0,0,0,0,0,0,0,0,0,0,0,0,0,0,0,0,0,0,0,0,0,0,0,0,0,0,0,0,0,0,0,0,0,0,0,0,0,0,0,0,0,0,0,0,0,0,0,0,0,0,0,0,0,0,0,0,0,0,0,5,6,4,2,0,0,0,2,0,0
152,28159,Valdemaqueda,40.51103,-4.297773,781,405,376,9674.48,10921,261,8,73,12.8,431,2,40,4.15,306.18,0,0,0,0,0,0,0,0,0,0,0,0,0,0,0,0,0,0,0,0,0,0,0,0,0,0,0,0,0,0,0,0,0,0,0,0,0,0,0,0,0,0,0,0,0,0,0,0,0,0,0,0,0,0,0,0,0,0,0,0,0,0,0,0,0,0,0,0,0,0,0,0,0,0,0,0,0,0,0,0,0,0,0,0,0,0,0,0,0,0,0,0,0,0,0,0,0,0,0,0,0,0,0,0,0,0,0,0,0,0,0,0,0,0,0,0,0,0,0,0,0,0,0,0,0,0,0,0,0,0,0,0,0,0,0,0,0,0,0,0,2,0,0,0,0,0,0,0,0,0,0,0,0,0,0,0,6,4,0,0,0
153,28160,Valdemorillo,40.501677,-4.068888,12518,6306,6212,228956.63,176796,4805,1915,634,2.4,7800,3,356,3.85,276.3,0,0,0,0,0,0,0,0,0,0,0,0,0,0,0,0,0,0,0,0,0,0,0,6,0,0,1,0,2,0,2,0,0,1,1,3,0,2,1,2,1,1,2,1,1,0,0,1,3,0,3,4,2,0,2,0,4,0,0,0,1,0,1,0,0,0,0,0,0,0,1,0,0,0,1,0,1,1,0,0,0,0,0,1,0,0,0,0,0,0,0,0,0,0,0,0,0,2,0,0,0,0,0,1,0,0,0,0,0,0,0,1,0,0,0,0,0,1,0,0,0,0,0,0,0,0,0,0,0,0,0,0,0,15,24,10,5,5,6,0,26,22,18,14,14,14,16,12,12,6,7,13,20,31,32,33,34,30,26,16,12
154,28161,Valdemoro,40.188796,-3.671621,75983,37493,38490,1173185.23,1610045,24000,21645,4280,2.63,40619,10,2319,9.36,136.14,0,0,0,0,0,0,0,7,22,26,17,17,42,30,30,30,23,9,18,8,16,9,8,21,6,11,22,20,49,10,3,0,1,2,4,19,22,1,7,6,10,0,5,11,13,1,5,6,4,3,11,7,6,0,10,16,6,8,2,1,2,56,17,4,5,0,13,8,3,11,3,2,3,4,0,0,2,7,1,9,1,3,1,3,3,3,14,0,0,8,2,2,5,4,0,0,4,5,0,2,0,0,1,3,1,1,8,0,0,0,0,2,0,6,0,4,1,3,5,4,2,1,3,2,1,0,0,0,0,0,5,6,38,36,10,23,43,81,71,19,115,120,125,110,88,78,90,78,61,61,100,121,139,179,211,268,265,185,120,101,88
155,28162,Valdeolmos-Alalpardo,40.637156,-3.458622,4136,2130,2006,76662.15,80393,1150,1898,138,2.42,2087,0,110,7.77,279.52,0,0,0,0,0,0,0,0,0,0,0,0,0,0,0,0,0,0,0,0,0,0,0,0,0,0,0,0,0,0,0,0,0,0,0,0,0,6,0,0,0,2,0,0,0,0,0,0,1,0,1,0,0,0,0,0,1,0,0,0,0,0,0,0,0,0,0,0,0,0,0,0,0,0,0,0,0,0,0,0,0,0,0,0,0,0,0,0,0,0,0,0,0,0,0,0,0,0,0,0,0,0,0,0,0,0,0,0,0,0,0,0,0,0,0,0,0,0,0,0,0,0,0,0,0,0,0,0,0,0,0,0,0,0,0,0,0,7,0,5,8,11,10,11,7,3,3,2,5,3,0,3,13,19,21,26,25,17,9,5,4
156,28163,Valdepiélagos,40.760639,-3.464422,584,315,269,7268.23,7864,139,10,30,17.12,338,0,21,3.48,322.3,0,0,0,0,0,0,0,0,0,0,0,0,0,0,0,0,0,0,0,0,0,0,0,0,0,0,0,0,0,0,0,0,0,0,0,0,0,0,0,0,0,0,0,0,0,0,0,0,0,0,0,0,0,0,0,0,0,0,0,0,0,0,0,0,0,0,0,0,0,0,0,0,0,0,0,0,0,0,0,0,0,0,0,0,0,0,0,0,0,0,0,0,0,0,0,0,0,0,0,0,0,0,0,0,0,0,0,0,0,0,0,0,0,0,0,0,0,0,0,0,0,0,0,0,0,0,0,0,0,0,0,0,0,0,0,0,0,0,0,0,3,0,0,0,0,3,2,0,0,0,0,0,0,0,0,0,2,0,0,0,0
157,28164,Valdetorres de Jarama,40.695264,-3.513631,4497,2277,2220,64739.17,56898,1623,320,263,2.22,2571,0,164,3.9,245.89,0,0,0,0,0,0,0,0,0,0,0,0,0,0,0,0,0,0,0,0,0,0,0,0,0,0,0,6,0,0,0,0,0,1,2,1,0,1,0,0,0,0,0,0,1,0,0,0,0,1,0,2,0,0,0,0,0,1,0,0,0,0,0,0,0,0,0,0,1,0,0,0,0,0,0,0,0,0,0,0,0,0,0,0,0,0,0,1,0,0,0,0,0,0,0,0,0,0,0,0,0,0,0,0,0,0,0,0,0,0,0,0,0,0,0,0,0,0,0,0,0,0,0,0,0,0,0,0,0,0,0,0,0,0,0,0,0,0,0,0,5,5,5,4,8,10,8,6,0,4,5,4,4,7,15,20,19,10,3,5,6
158,28165,Valdilecha,40.292685,-3.30021,2933,1517,1416,34024.92,64296,852,398,188,3.41,1490,3,113,4.49,223.94,0,0,0,0,0,0,0,0,0,0,0,0,0,0,0,0,0,0,0,0,0,0,0,0,0,0,0,0,0,0,0,0,0,0,7,0,0,1,0,1,1,0,1,0,1,0,0,1,1,0,0,2,0,0,0,1,0,0,0,0,0,0,0,0,0,0,0,0,0,0,0,0,0,1,0,0,0,0,0,0,0,0,0,0,0,0,0,0,0,0,0,0,0,0,0,0,0,0,0,0,0,0,0,0,0,1,0,0,0,0,0,0,0,0,0,0,0,0,0,1,1,0,0,0,0,0,0,0,0,0,0,0,0,0,0,0,0,9,11,7,12,10,5,0,7,13,6,0,0,0,0,0,6,14,18,17,17,15,6,3,0
159,28166,Valverde de Alcalá,40.418036,-3.299677,465,239,226,6303.3,5228,137,0,21,21.51,258,0,13,4,268.52,0,0,0,0,0,0,0,0,0,0,0,0,0,0,0,0,0,0,0,0,0,0,0,0,0,0,0,0,0,0,0,0,0,0,0,0,0,6,0,0,0,0,0,0,0,0,0,0,0,0,0,0,0,0,0,0,0,0,1,0,0,0,1,0,0,0,0,0,0,0,0,0,0,0,0,0,0,0,0,0,0,0,0,0,0,0,0,0,0,0,0,0,0,0,0,0,0,0,0,0,0,0,0,0,0,0,0,0,0,0,0,0,0,0,0,0,0,0,0,0,0,0,0,0,0,0,0,0,0,0,0,0,0,0,0,0,0,0,0,0,0,0,3,0,0,0,0,0,0,0,0,0,0,0,0,0,0,0,0,0,0
160,28167,Velilla de San Antonio,40.367166,-3.487443,12236,6178,6058,186240.29,227410,4808,2405,620,3.27,7413,3,538,7.48,169.61,0,0,0,0,0,0,0,0,0,0,0,0,0,0,0,0,0,0,7,0,1,0,0,2,3,5,2,1,2,3,3,0,0,2,3,3,2,2,0,1,3,0,5,1,1,0,0,1,2,0,1,2,3,0,1,0,0,1,0,0,0,0,0,3,1,0,0,0,2,0,0,0,1,0,0,0,0,2,0,1,0,0,0,0,0,1,0,0,0,0,0,0,1,0,0,1,0,0,0,0,0,0,0,0,0,0,0,0,0,0,0,0,0,1,0,0,0,0,0,0,1,0,0,0,0,0,0,0,0,0,0,0,6,13,9,5,5,21,14,8,25,15,16,17,14,15,13,16,21,18,17,29,49,83,84,68,58,38,23,15,11
161,28168,El Vellón,40.767797,-3.58201,1958,1022,936,24012.09,18312,513,174,124,5.11,1034,1,48,2.71,274.97,0,0,0,0,0,0,0,0,0,0,0,0,0,0,0,0,0,0,0,0,0,0,0,0,0,0,0,6,0,1,0,0,0,1,0,0,1,0,1,0,0,2,0,0,0,0,0,0,0,0,0,1,0,0,0,0,0,0,0,0,0,0,0,1,0,0,0,0,0,0,0,0,0,0,0,0,0,0,0,0,1,0,0,0,0,0,0,0,0,0,0,0,0,0,0,0,0,0,0,0,0,0,0,0,0,0,0,0,0,0,0,0,0,0,0,0,0,0,0,0,0,0,0,0,0,0,0,0,0,0,0,0,0,0,0,0,0,6,0,0,8,7,3,0,0,0,0,0,0,0,0,0,0,3,3,3,7,6,0,0,0
162,28169,Venturada,40.798786,-3.621794,2163,1135,1028,45881.07,46635,692,197,80,4.62,1203,1,55,3.18,331.09,0,0,0,0,0,0,0,0,0,0,0,0,0,0,0,0,0,0,0,0,0,0,0,0,0,0,0,0,0,0,0,0,0,0,0,0,0,0,0,0,0,0,0,0,0,0,0,0,0,0,0,0,0,0,0,0,0,0,0,0,0,0,0,0,0,0,0,0,0,0,0,0,0,0,0,0,0,0,0,0,0,0,0,0,0,0,0,0,0,0,0,0,0,0,0,0,0,0,0,0,0,0,0,0,0,0,0,0,0,0,0,0,0,0,0,0,0,0,0,0,0,0,0,0,0,0,0,0,0,0,0,0,0,0,0,0,0,0,0,0,3,2,3,6,6,2,0,4,0,0,3,4,2,2,2,4,4,4,3,0,0
163,28170,Villaconejos,40.104008,-3.485028,3388,1745,1643,37991.7,43002,1230,376,254,2.95,2033,1,140,3.69,216.18,0,0,0,0,0,0,0,0,0,0,0,0,0,0,0,0,0,0,0,0,0,0,0,6,0,0,0,0,1,0,0,0,0,0,1,0,0,0,0,0,1,0,0,0,0,0,0,0,0,0,0,0,0,0,0,0,0,0,0,0,0,0,0,0,0,0,0,0,1,0,0,0,0,0,0,0,0,0,0,0,0,0,0,0,0,0,0,0,0,0,0,0,0,0,0,0,0,0,0,0,0,0,0,0,0,0,0,0,0,0,0,0,0,0,0,0,0,0,0,0,0,0,0,0,0,0,0,0,0,0,0,0,0,0,0,0,0,10,8,8,11,4,6,11,18,23,15,0,0,3,5,5,8,13,15,24,38,32,20,10,0
164,28171,Villa del Prado,40.276475,-4.304803,6520,3309,3211,77444.29,79913,2155,1360,365,3.07,3259,3,241,5.9,228.74,0,0,0,0,0,0,0,0,0,0,0,0,0,0,0,0,0,0,0,0,0,0,0,6,0,0,1,0,1,10,2,0,0,0,4,3,2,2,2,0,2,2,5,1,4,5,1,1,22,4,0,6,2,1,6,5,2,1,3,1,1,1,1,3,0,1,0,0,1,0,0,0,1,0,1,0,1,0,1,0,0,0,4,1,1,0,1,0,0,0,0,0,3,2,0,0,0,0,0,0,0,0,0,1,0,0,0,0,0,0,0,0,0,3,0,0,0,0,0,0,1,0,0,0,0,0,0,0,0,0,0,0,0,0,7,0,0,21,8,0,12,2,3,4,8,12,12,6,3,2,5,11,13,27,37,38,37,27,19,12,5
165,28172,Villalbilla,40.432471,-3.298618,13878,7002,6876,237146.67,180790,3754,2987,588,2.16,8595,1,348,5.08,250.73,0,0,0,0,0,0,0,0,0,0,0,0,6,3,1,0,2,1,0,2,6,1,3,3,10,2,2,5,2,8,1,0,0,0,1,2,6,5,0,1,0,3,0,2,3,0,0,0,2,1,0,2,0,1,0,0,0,0,0,0,0,0,0,0,0,0,0,1,1,0,0,0,0,0,2,1,0,0,0,1,0,0,0,0,0,0,0,0,0,0,0,0,0,0,0,0,0,0,0,0,0,0,0,0,0,0,0,0,0,0,0,0,0,0,0,0,0,0,0,0,0,0,1,0,0,1,0,0,0,0,0,0,0,0,0,0,0,17,13,0,15,16,13,10,14,18,18,13,14,16,21,25,21,28,40,44,48,50,32,13,11
166,28173,Villamanrique de Tajo,40.068774,-3.240168,703,352,351,7799.31,18019,216,11,65,14.22,392,1,25,16.48,306.15,0,0,0,0,0,0,0,0,0,0,0,0,0,0,0,0,0,0,0,0,0,0,0,0,0,0,0,0,0,0,0,0,0,0,0,0,0,0,0,0,0,0,0,0,0,0,0,0,0,0,0,0,0,0,0,0,0,0,0,0,0,0,0,0,0,0,0,0,0,0,0,0,0,0,0,0,0,0,0,0,0,0,0,0,0,0,0,0,0,0,0,0,0,0,0,0,0,0,0,0,0,0,0,0,0,0,0,0,0,0,0,0,0,0,0,0,0,0,0,0,0,0,0,0,0,0,0,0,0,0,0,0,0,0,0,0,0,0,0,0,0,3,3,0,0,0,0,0,0,0,0,0,0,0,0,5,7,6,0,0,0
167,28174,Villamanta,40.299094,-4.10904,2555,1299,1256,33178.73,34048,767,203,171,3.91,1316,2,78,3.71,245.1,0,0,0,0,0,0,0,0,0,0,0,0,0,0,0,0,0,0,0,0,0,0,0,0,0,0,0,0,0,0,0,0,0,0,0,0,0,0,0,0,0,0,6,0,1,0,0,2,0,0,0,0,0,0,2,0,0,0,1,0,0,0,0,0,0,0,0,0,0,0,0,0,0,0,0,0,0,0,0,0,0,0,0,0,0,0,0,0,0,0,0,0,0,0,0,0,0,0,2,0,0,0,0,0,0,0,0,1,0,0,0,0,0,0,0,2,1,0,0,0,0,0,0,0,0,0,0,0,0,0,0,0,0,0,0,0,0,0,0,0,9,5,0,0,0,0,5,4,2,3,9,14,7,6,5,11,15,9,5,0,0
168,28175,Villamantilla,40.342103,-4.13003,1441,709,732,20240.85,16616,286,177,83,6.94,720,0,34,4.26,275.35,0,0,0,0,0,0,0,0,0,0,0,0,0,0,0,0,0,0,0,6,0,0,0,0,0,0,0,0,0,0,0,0,1,0,0,0,0,0,0,0,1,0,0,0,0,0,0,0,0,0,0,0,0,0,0,0,0,0,0,0,0,0,0,0,0,0,0,0,0,0,0,0,0,0,0,0,0,0,0,0,0,0,0,0,0,0,0,0,0,0,0,1,0,0,0,0,0,0,0,0,0,0,0,0,0,0,0,0,0,0,0,0,0,0,0,0,0,0,0,0,0,0,0,0,0,0,0,0,0,0,0,0,0,0,0,0,0,0,0,0,4,5,0,2,5,7,5,0,2,0,0,0,0,6,6,3,5,7,5,0,0
169,28176,Villanueva de la Cañada,40.447211,-4.002795,21445,10430,11015,517326.7,402665,5913,8555,651,2.33,12164,4,559,7.47,257.86,0,0,0,0,0,0,0,0,0,0,0,0,0,0,0,0,8,3,0,1,2,2,4,1,2,1,4,3,6,3,4,0,0,2,4,4,1,0,2,1,6,0,3,1,2,0,0,8,2,1,4,9,4,0,3,6,4,4,3,0,0,3,6,2,1,1,0,0,6,0,2,2,2,0,1,1,2,2,1,0,2,0,0,0,0,0,3,2,0,0,3,0,6,0,1,0,0,2,1,0,0,0,0,0,0,0,1,0,0,0,1,0,0,0,0,0,0,3,0,1,1,0,0,1,0,1,0,0,0,0,0,0,6,8,8,11,9,13,17,6,42,36,48,53,46,45,40,29,17,16,32,46,43,77,109,126,120,93,63,50,35
170,28177,Villanueva del Pardillo,40.494923,-3.960006,17180,8389,8791,351514.17,241632,6477,4837,670,2.33,9562,1,435,5.15,193.96,0,0,0,0,0,0,0,0,0,0,0,0,0,0,0,0,0,6,3,0,2,4,2,4,5,3,6,7,0,1,1,0,0,0,0,5,2,0,1,1,0,2,3,0,1,0,0,3,3,1,1,2,1,0,3,1,2,2,1,0,0,1,0,2,1,0,0,0,2,1,1,0,9,0,0,7,0,0,0,0,0,0,0,1,0,1,0,0,0,0,1,0,0,0,0,0,0,2,0,0,0,0,0,0,0,1,0,0,0,0,0,1,0,0,1,0,0,0,0,0,3,0,0,0,1,0,0,0,1,0,6,0,5,5,5,14,0,17,8,7,25,27,26,23,16,23,32,34,22,12,20,38,33,51,77,93,86,66,56,45,39
171,28178,Villanueva de Perales,40.346442,-4.101108,1563,801,762,21712.79,23543,547,145,71,6.4,936,0,49,3.86,247.58,0,0,0,0,0,0,0,0,0,0,0,0,0,0,0,0,0,0,0,0,0,0,0,0,0,0,0,0,0,0,0,0,0,0,0,0,0,0,0,0,0,0,0,0,0,0,0,0,0,0,0,0,0,0,0,0,0,0,0,0,0,0,0,0,0,0,0,0,0,0,0,0,0,0,0,0,0,0,0,0,0,0,0,0,0,0,0,0,0,0,0,0,0,0,0,0,0,0,0,0,0,0,0,0,0,0,0,0,0,0,0,0,0,0,0,0,0,0,0,0,0,0,0,0,0,0,0,0,0,0,0,0,0,0,0,0,0,0,0,0,4,4,3,2,0,0,0,0,0,0,0,0,3,16,21,14,11,5,0,0,0
172,28179,Villar del Olmo,40.336447,-3.235562,2011,1003,1008,33462.96,20614,758,127,110,4.97,1298,1,61,3.92,275.04,0,0,0,0,0,0,0,0,0,0,0,0,0,0,0,0,0,0,0,0,0,0,0,0,0,0,0,0,0,0,0,0,0,0,0,0,0,0,0,0,0,0,0,0,0,0,0,0,0,0,0,0,0,0,0,0,0,0,0,0,0,0,0,0,0,0,0,0,0,0,0,0,0,0,0,0,0,0,0,0,0,0,0,0,0,0,0,0,0,0,0,0,0,0,0,0,0,0,0,0,0,0,0,0,0,0,6,0,0,0,1,0,0,0,0,0,0,0,0,0,0,0,0,0,0,0,0,0,0,0,0,0,0,0,0,0,0,0,0,0,0,0,2,0,0,0,0,0,0,0,0,0,4,4,4,9,8,5,4,3,2
173,28180,Villarejo de Salvanés,40.168358,-3.273876,7335,3692,3643,90219.98,166301,2662,2591,539,2.73,4115,4,303,6.07,214.92,0,0,0,0,0,0,0,0,0,0,0,0,0,0,0,0,0,0,0,0,0,0,0,6,1,0,1,4,3,1,2,0,0,2,4,1,1,3,0,0,1,1,0,1,0,0,1,0,0,0,0,0,0,0,0,0,0,1,0,0,0,0,0,0,0,0,0,0,0,0,0,0,0,0,0,0,2,0,0,2,0,0,0,0,0,0,0,0,0,0,0,1,0,0,0,0,0,1,0,0,0,0,0,0,0,1,0,1,1,0,0,0,0,0,1,0,0,0,0,0,0,0,0,0,0,0,0,0,0,0,0,0,0,10,8,7,7,11,17,10,23,26,39,23,22,17,5,5,4,3,8,18,69,99,78,53,28,18,8,4,2
174,28181,Villaviciosa de Odón,40.357379,-3.900233,27835,13493,14342,634196.16,669656,12079,5693,873,3.23,17978,5,977,5.81,267.36,0,0,0,0,0,0,0,0,0,0,0,0,0,0,0,0,0,6,5,5,7,5,0,13,1,2,6,9,6,27,7,0,1,1,7,4,4,3,1,2,2,6,4,7,3,3,1,0,3,4,4,1,2,0,6,5,4,0,1,2,2,1,2,1,1,0,3,0,6,1,3,6,0,0,0,0,1,1,0,0,1,0,5,0,2,0,2,1,0,0,1,1,1,1,0,0,0,0,1,0,0,0,0,2,0,0,0,0,0,0,0,3,0,1,2,1,0,0,0,0,1,0,1,2,1,2,0,0,0,0,0,0,10,9,10,11,5,32,20,6,44,43,42,45,36,37,47,37,25,28,53,53,60,95,115,120,127,111,69,54,54
175,28182,Villavieja del Lozoya,41.006351,-3.671636,253,136,117,3694.82,4059,81,10,12,39.53,122,3,8,2.88,282.95,0,0,0,0,0,0,0,0,0,0,0,0,0,0,0,0,0,0,0,0,0,0,0,0,0,0,0,0,0,0,0,0,0,0,0,0,0,0,0,0,0,0,0,0,0,0,0,0,0,0,0,0,0,0,0,0,0,0,0,0,0,0,0,0,0,0,0,0,0,0,0,0,0,0,0,0,0,0,0,0,0,0,0,0,0,0,0,0,0,0,0,0,0,0,0,0,0,0,0,0,0,0,0,0,0,0,0,0,0,0,0,0,0,0,0,0,0,0,0,0,0,0,0,0,0,0,0,0,0,0,0,0,0,0,0,0,0,0,0,0,0,0,0,0,0,2,0,0,0,0,0,0,0,0,0,0,0,0,0,0,0
176,28183,Zarzalejo,40.548302,-4.18159,1658,853,805,21566.95,37799,555,231,108,6.03,890,4,,4.6,309.26,0,0,0,0,0,0,0,0,0,0,0,0,0,0,0,0,0,0,0,0,0,0,0,0,0,0,0,0,0,0,0,0,0,0,0,0,0,0,0,0,0,0,0,0,0,0,0,0,0,0,0,0,0,0,7,6,0,4,1,0,0,0,2,1,1,0,0,0,0,1,0,2,2,0,0,2,0,0,0,0,2,0,0,2,0,0,1,0,0,0,0,0,0,9,0,0,0,0,0,0,0,0,0,0,0,0,0,0,0,0,0,0,0,0,0,0,0,0,0,0,0,0,0,0,0,0,0,0,0,0,0,0,0,0,0,0,0,0,0,0,5,2,2,0,0,0,0,0,0,0,0,0,0,3,2,0,5,5,0,2,3
177,28901,Lozoyuela-Navas-Sieteiglesias,40.92199,-3.619784,1299,670,629,16591.36,31572,369,221,69,7.7,618,8,55,4.75,323.85,0,0,0,0,0,0,0,0,0,0,0,0,0,0,0,0,0,0,0,0,0,0,0,0,0,0,0,0,0,0,0,0,0,0,0,0,0,0,0,0,0,0,0,0,0,0,0,0,0,0,0,0,0,0,0,0,0,0,0,0,0,0,0,0,0,0,0,0,0,0,0,0,0,0,0,0,0,0,0,0,0,0,0,0,0,0,0,0,0,0,0,0,0,0,0,0,0,0,0,0,0,0,0,0,0,0,0,0,0,0,0,0,0,0,0,0,0,0,0,0,0,0,0,0,0,0,0,0,0,0,0,0,0,0,0,0,0,0,0,0,3,4,4,3,3,0,0,0,0,0,0,0,0,3,6,10,13,8,2,0,3
178,28902,Puentes Viejas,40.968658,-3.594681,679,378,301,8707.77,16108,179,0,32,14.73,348,8,18,4.44,342.68,0,0,0,0,0,0,0,0,0,0,0,0,0,0,0,0,0,0,0,0,0,0,0,0,0,0,0,0,0,0,0,0,0,0,0,0,0,0,0,0,0,0,0,0,0,0,0,0,0,0,0,0,0,0,0,0,0,0,0,0,0,0,0,0,0,0,0,0,0,0,0,0,0,0,0,0,0,0,0,0,0,0,0,0,0,0,0,0,0,0,0,0,0,0,0,0,0,0,0,0,0,0,0,0,0,0,0,0,0,0,0,0,0,0,0,0,0,0,0,0,0,0,0,0,0,0,0,0,0,0,0,0,0,0,0,0,0,0,0,0,0,0,0,0,0,0,0,0,0,0,0,0,0,0,0,0,0,0,0,0,0
179,28903,Tres Cantos,40.606583,-3.706533,47722,23141,24581,1070121.83,2986542,18839,12241,1536,2.93,28865,5,1555,16.71,249.33,0,0,0,0,0,0,0,0,0,0,0,0,0,0,0,7,5,8,3,6,6,6,8,9,0,3,7,2,9,6,1,1,6,13,18,13,12,21,13,15,12,12,13,5,4,4,6,8,4,4,6,7,3,1,7,5,1,11,5,1,5,5,4,4,2,0,0,1,15,26,0,0,10,0,1,2,1,0,25,0,1,0,1,1,2,2,0,0,0,0,0,1,0,2,0,1,0,4,0,0,2,0,0,0,0,0,0,1,1,0,1,0,0,0,0,1,2,2,1,2,1,0,0,3,4,1,0,6,8,11,14,0,11,10,0,8,11,49,30,17,89,72,69,58,62,55,54,52,38,31,39,64,71,113,147,173,181,140,99,78,65
